id,timestamp,sensor,scene_id,class,detection_confidence,slick_confidence,area_km2,age_estimate_hours,centroid_lat,centroid_lon,polygon_wkt,hitl_reviewed
SLK-0031,2026-06-01T21:35:38Z,EOS-04,EOS04_20260601_213538_209,old_vessel,0.783,0.591,16.924,62.8,9.53222,76.30175,"POLYGON((76.31869 9.5343, 76.30854 9.54767, 76.2851 9.55384, 76.28062 9.53286, 76.29139 9.50754, 76.31751 9.51183, 76.31869 9.5343))",True
SLK-0048,2026-06-03T15:57:51Z,Sentinel-1A,Sentinel1A_20260603_155751_974,coincident_vessel,0.832,0.963,6.064,79.1,9.80513,76.20364,"POLYGON((76.21436 9.8057, 76.20982 9.8156, 76.19595 9.81485, 76.19213 9.80496, 76.19919 9.79537, 76.20923 9.79746, 76.21436 9.8057))",False
SLK-0090,2026-06-05T04:51:11Z,EOS-04,EOS04_20260605_045111_110,natural_seep,0.948,0.689,3.175,22.1,9.42534,75.72371,"POLYGON((75.73434 9.4251, 75.72761 9.43051, 75.71935 9.43288, 75.71713 9.42593, 75.71927 9.41684, 75.72933 9.41552, 75.73434 9.4251))",True
SLK-0005,2026-06-05T20:50:24Z,EOS-04,EOS04_20260605_205024_973,ambiguous,0.942,0.719,18.679,16.4,9.78564,75.80306,"POLYGON((75.82074 9.78775, 75.82083 9.79635, 75.80428 9.81134, 75.79201 9.80765, 75.77799 9.79274, 75.78267 9.7772, 75.79235 9.77075, 75.80413 9.76059, 75.81642 9.77124, 75.82074 9.78775))",False
SLK-0017,2026-06-06T21:44:00Z,Sentinel-1B,Sentinel1B_20260606_214400_536,old_vessel,0.738,0.557,7.913,75.8,9.88885,75.61499,"POLYGON((75.63146 9.88666, 75.62667 9.90054, 75.61511 9.90553, 75.6071 9.89656, 75.5966 9.88883, 75.60146 9.87875, 75.61661 9.87446, 75.62794 9.87576, 75.63146 9.88666))",False
SLK-0041,2026-06-06T23:41:58Z,Sentinel-1A,Sentinel1A_20260606_234158_233,natural_seep,0.746,0.649,15.109,79.4,9.99688,75.63831,"POLYGON((75.66079 9.99454, 75.64962 10.01169, 75.64069 10.01409, 75.62586 10.00699, 75.6142 9.99364, 75.62395 9.98225, 75.63646 9.98195, 75.6502 9.98708, 75.66079 9.99454))",False
SLK-0078,2026-06-09T05:16:48Z,Sentinel-1B,Sentinel1B_20260609_051648_980,coincident_vessel,0.709,0.677,9.526,56.9,9.92521,76.27618,"POLYGON((76.29253 9.92464, 76.28769 9.93571, 76.28011 9.93929, 76.26456 9.94024, 76.25758 9.93412, 76.26473 9.92044, 76.26932 9.91636, 76.27995 9.9101, 76.29171 9.91187, 76.29253 9.92464))",True
SLK-0038,2026-06-09T16:09:23Z,Sentinel-1A,Sentinel1A_20260609_160923_205,coincident_vessel,0.789,0.661,15.403,22.9,9.95549,76.26851,"POLYGON((76.28358 9.95421, 76.27825 9.97324, 76.26158 9.96778, 76.25288 9.95621, 76.25938 9.93511, 76.27689 9.94097, 76.28358 9.95421))",False
SLK-0091,2026-06-10T13:57:15Z,EOS-04,EOS04_20260610_135715_971,old_vessel,0.927,0.671,19.831,18.1,9.65153,75.68624,"POLYGON((75.70691 9.65429, 75.70405 9.66583, 75.68491 9.67061, 75.67365 9.66343, 75.66998 9.65115, 75.67194 9.63964, 75.68438 9.6235, 75.70732 9.63121, 75.70691 9.65429))",False
SLK-0109,2026-06-10T14:05:26Z,Sentinel-1B,Sentinel1B_20260610_140526_431,old_vessel,0.876,0.359,8.869,4.8,10.16197,75.6221,"POLYGON((75.63304 10.16094, 75.63297 10.1711, 75.6279 10.18061, 75.61526 10.17331, 75.60598 10.16952, 75.60314 10.1573, 75.61698 10.15205, 75.62593 10.15032, 75.63299 10.15409, 75.63304 10.16094))",True
SLK-0011,2026-06-11T05:55:24Z,Sentinel-1B,Sentinel1B_20260611_055524_750,recent_vessel,0.969,0.547,8.288,90.4,9.49833,76.16249,"POLYGON((76.17963 9.4963, 76.17095 9.51141, 76.16037 9.5171, 76.1499 9.50306, 76.15004 9.49274, 76.15953 9.48542, 76.17492 9.48589, 76.17963 9.4963))",False
SLK-0118,2026-06-11T13:08:44Z,Sentinel-1B,Sentinel1B_20260611_130844_754,coincident_vessel,0.891,0.813,7.835,22.0,9.72572,76.31499,"POLYGON((76.32528 9.72519, 76.32664 9.73936, 76.31689 9.74371, 76.30456 9.7371, 76.29963 9.72525, 76.30337 9.71142, 76.31379 9.71248, 76.32337 9.71763, 76.32528 9.72519))",True
SLK-0098,2026-06-12T06:21:20Z,Sentinel-1B,Sentinel1B_20260612_062120_141,old_vessel,0.942,0.596,6.26,84.2,9.91293,76.32349,"POLYGON((76.3359 9.91299, 76.33491 9.92212, 76.32353 9.92908, 76.31186 9.92401, 76.31106 9.91243, 76.31621 9.90698, 76.32229 9.9005, 76.33149 9.90327, 76.3359 9.91299))",False
SLK-0086,2026-06-15T21:38:43Z,Sentinel-1A,Sentinel1A_20260615_213843_142,recent_vessel,0.795,0.626,18.53,43.0,9.60408,75.72536,"POLYGON((75.74426 9.60224, 75.74558 9.62383, 75.72405 9.61996, 75.71077 9.61979, 75.69766 9.60682, 75.71259 9.58977, 75.72914 9.57801, 75.74359 9.58808, 75.74426 9.60224))",True
SLK-0076,2026-06-15T23:01:38Z,Sentinel-1B,Sentinel1B_20260615_230138_850,recent_vessel,0.813,0.933,13.114,83.1,10.05154,76.27,"POLYGON((76.2861 10.05254, 76.28809 10.0654, 76.27086 10.07357, 76.2574 10.06551, 76.2528 10.0532, 76.25775 10.04243, 76.26771 10.03321, 76.28784 10.03688, 76.2861 10.05254))",True
SLK-0002,2026-06-17T00:46:25Z,EOS-04,EOS04_20260617_004625_533,natural_seep,0.808,0.601,3.596,91.6,10.22243,76.47257,"POLYGON((76.48008 10.2224, 76.48187 10.23086, 76.47181 10.23053, 76.46595 10.23005, 76.4615 10.22381, 76.46454 10.21287, 76.47264 10.21496, 76.48176 10.21421, 76.48008 10.2224))",True
SLK-0059,2026-06-17T13:26:57Z,Sentinel-1B,Sentinel1B_20260617_132657_715,coincident_vessel,0.771,0.777,2.857,57.1,9.43472,76.08701,"POLYGON((76.09439 9.43374, 76.09473 9.44259, 76.08474 9.44335, 76.07884 9.44016, 76.08035 9.43115, 76.08413 9.42689, 76.09479 9.42758, 76.09439 9.43374))",True
SLK-0089,2026-06-17T17:16:18Z,Sentinel-1A,Sentinel1A_20260617_171618_862,ambiguous,0.747,0.478,18.303,76.4,9.85866,76.25517,"POLYGON((76.28274 9.85799, 76.26542 9.87226, 76.24775 9.87702, 76.23791 9.85768, 76.24048 9.83457, 76.26949 9.83461, 76.28274 9.85799))",False
SLK-0026,2026-06-20T01:24:59Z,EOS-04,EOS04_20260620_012459_381,coincident_vessel,0.722,0.796,10.275,49.9,9.42833,76.3876,"POLYGON((76.4004 9.42935, 76.40016 9.44389, 76.38229 9.44394, 76.37609 9.43464, 76.37605 9.42088, 76.3861 9.41192, 76.39465 9.41834, 76.4004 9.42935))",False
SLK-0050,2026-06-20T22:50:16Z,EOS-04,EOS04_20260620_225016_109,natural_seep,0.911,0.643,2.93,70.6,9.88969,75.76054,"POLYGON((75.7709 9.89034, 75.76756 9.89611, 75.75977 9.899, 75.75586 9.89405, 75.75 9.89092, 75.75513 9.88564, 75.76043 9.88296, 75.767 9.8823, 75.7709 9.89034))",False
SLK-0029,2026-06-21T02:59:32Z,Sentinel-1B,Sentinel1B_20260621_025932_424,old_vessel,0.967,0.737,1.417,13.7,9.50734,75.9088,"POLYGON((75.91425 9.50738, 75.91511 9.5116, 75.91003 9.51273, 75.90485 9.51298, 75.90227 9.50937, 75.90416 9.5055, 75.90522 9.50217, 75.90952 9.49961, 75.91269 9.5037, 75.91425 9.50738))",False
SLK-0063,2026-06-21T22:04:30Z,Sentinel-1B,Sentinel1B_20260621_220430_959,recent_vessel,0.936,0.74,12.24,82.3,9.49606,76.36004,"POLYGON((76.37277 9.49596, 76.36907 9.50671, 76.35351 9.51412, 76.34552 9.50278, 76.3462 9.48955, 76.35851 9.48319, 76.3676 9.48398, 76.37277 9.49596))",False
SLK-0082,2026-06-22T06:57:01Z,EOS-04,EOS04_20260622_065701_775,recent_vessel,0.93,0.784,10.498,12.6,9.44309,75.8574,"POLYGON((75.87848 9.44254, 75.86638 9.45104, 75.86186 9.45896, 75.8464 9.45711, 75.84276 9.447, 75.84363 9.44033, 75.84727 9.42962, 75.85821 9.42801, 75.87131 9.4333, 75.87848 9.44254))",False
SLK-0045,2026-06-24T02:34:14Z,Sentinel-1B,Sentinel1B_20260624_023414_271,recent_vessel,0.958,0.695,14.658,78.3,9.67838,76.2973,"POLYGON((76.31961 9.67591, 76.31248 9.69803, 76.29813 9.7036, 76.28596 9.68681, 76.27258 9.67763, 76.28742 9.66544, 76.29779 9.65383, 76.3115 9.66099, 76.31961 9.67591))",True
SLK-0066,2026-06-26T13:38:53Z,Sentinel-1B,Sentinel1B_20260626_133853_100,natural_seep,0.767,0.76,16.66,77.4,9.73872,75.78332,"POLYGON((75.79974 9.73803, 75.79759 9.75372, 75.78687 9.75657, 75.77389 9.75282, 75.76604 9.7468, 75.76668 9.73142, 75.7725 9.71511, 75.78628 9.72362, 75.79617 9.72564, 75.79974 9.73803))",False
SLK-0047,2026-06-27T19:35:40Z,Sentinel-1A,Sentinel1A_20260627_193540_905,recent_vessel,0.985,0.956,9.906,91.1,9.46716,75.8013,"POLYGON((75.81668 9.46545, 75.80914 9.48045, 75.79493 9.48319, 75.78827 9.47183, 75.78427 9.45635, 75.79605 9.45316, 75.81 9.45569, 75.81668 9.46545))",False
SLK-0088,2026-06-28T07:45:03Z,Sentinel-1B,Sentinel1B_20260628_074503_521,ambiguous,0.714,0.372,6.452,61.5,9.37683,75.78412,"POLYGON((75.79794 9.37791, 75.79229 9.38509, 75.78146 9.39219, 75.77355 9.38074, 75.77363 9.37107, 75.78159 9.36534, 75.78961 9.36831, 75.79794 9.37791))",False
SLK-0116,2026-06-29T15:30:42Z,Sentinel-1B,Sentinel1B_20260629_153042_335,coincident_vessel,0.901,0.77,5.94,38.8,10.22119,76.15478,"POLYGON((76.17029 10.21985, 76.1602 10.23013, 76.14967 10.2319, 76.14479 10.22155, 76.15039 10.21155, 76.16041 10.20805, 76.17029 10.21985))",False
SLK-0069,2026-06-30T03:58:01Z,EOS-04,EOS04_20260630_035801_490,ambiguous,0.745,0.475,0.878,34.5,9.43841,75.94873,"POLYGON((75.95444 9.43796, 75.95197 9.44154, 75.94684 9.44351, 75.94346 9.4405, 75.94331 9.43645, 75.94789 9.4335, 75.95238 9.43489, 75.95444 9.43796))",True
SLK-0034,2026-06-30T04:45:59Z,Sentinel-1A,Sentinel1A_20260630_044559_925,coincident_vessel,0.954,0.769,21.686,50.3,9.71356,75.8614,"POLYGON((75.88435 9.71442, 75.88065 9.73728, 75.85215 9.73802, 75.84139 9.72105, 75.84412 9.70588, 75.85425 9.6872, 75.87933 9.69103, 75.88435 9.71442))",False
SLK-0074,2026-07-02T09:43:06Z,Sentinel-1A,Sentinel1A_20260702_094306_564,recent_vessel,0.985,0.895,16.845,92.4,9.48985,76.01758,"POLYGON((76.03595 9.49134, 76.03193 9.50143, 76.01463 9.51291, 76.00129 9.50243, 76.00164 9.48916, 76.0055 9.47793, 76.01825 9.46406, 76.03177 9.47624, 76.03595 9.49134))",False
SLK-0052,2026-07-02T21:50:06Z,Sentinel-1B,Sentinel1B_20260702_215006_736,recent_vessel,0.91,0.854,5.124,94.9,9.59602,76.04106,"POLYGON((76.05529 9.59734, 76.0454 9.60565, 76.03498 9.60524, 76.02703 9.59762, 76.0378 9.58856, 76.04618 9.58456, 76.05529 9.59734))",False
SLK-0032,2026-07-03T00:04:57Z,EOS-04,EOS04_20260703_000457_686,old_vessel,0.796,0.579,15.823,1.8,9.63711,75.88027,"POLYGON((75.90504 9.63472, 75.89318 9.65768, 75.87677 9.65192, 75.86494 9.64346, 75.86299 9.63106, 75.87508 9.62057, 75.89349 9.6178, 75.90504 9.63472))",True
SLK-0009,2026-07-03T03:00:34Z,Sentinel-1B,Sentinel1B_20260703_030034_163,recent_vessel,0.846,0.676,18.281,52.8,10.19721,76.30647,"POLYGON((76.33188 10.19684, 76.3198 10.21072, 76.30846 10.21865, 76.2973 10.21611, 76.28866 10.20235, 76.2804 10.18928, 76.29591 10.18353, 76.3089 10.18017, 76.32131 10.18265, 76.33188 10.19684))",False
SLK-0104,2026-07-04T01:00:46Z,Sentinel-1A,Sentinel1A_20260704_010046_888,natural_seep,0.821,0.592,21.863,29.5,9.50943,75.6447,"POLYGON((75.66532 9.50857, 75.65349 9.52648, 75.63045 9.52865, 75.62304 9.50746, 75.63268 9.49349, 75.65703 9.48924, 75.66532 9.50857))",False
SLK-0019,2026-07-04T12:18:39Z,Sentinel-1B,Sentinel1B_20260704_121839_794,natural_seep,0.884,0.437,0.723,71.8,9.51513,75.99884,"POLYGON((76.00271 9.51474, 76.00296 9.51879, 75.99868 9.52044, 75.99566 9.519, 75.99559 9.51557, 75.99583 9.51226, 75.99897 9.51103, 76.00168 9.5118, 76.00271 9.51474))",False
SLK-0044,2026-07-05T10:45:16Z,Sentinel-1A,Sentinel1A_20260705_104516_280,coincident_vessel,0.965,0.681,3.997,31.0,9.51902,76.45098,"POLYGON((76.46421 9.51728, 76.45936 9.52743, 76.449 9.53193, 76.44402 9.52777, 76.43875 9.51987, 76.44634 9.51313, 76.45225 9.51066, 76.46041 9.51148, 76.46421 9.51728))",False
SLK-0023,2026-07-05T16:05:20Z,Sentinel-1B,Sentinel1B_20260705_160520_346,natural_seep,0.824,0.592,13.545,23.5,9.71657,76.23115,"POLYGON((76.24854 9.71669, 76.23851 9.73435, 76.22024 9.73198, 76.20816 9.71985, 76.2203 9.7028, 76.24132 9.69757, 76.24854 9.71669))",False
SLK-0100,2026-07-05T20:38:01Z,Sentinel-1B,Sentinel1B_20260705_203801_624,natural_seep,0.714,0.25,14.178,31.4,9.35554,75.66719,"POLYGON((75.68361 9.35355, 75.68554 9.36847, 75.67 9.36889, 75.65955 9.37173, 75.64757 9.36323, 75.65359 9.34846, 75.65456 9.33669, 75.67309 9.33228, 75.68446 9.34445, 75.68361 9.35355))",False
SLK-0060,2026-07-06T04:08:59Z,Sentinel-1B,Sentinel1B_20260706_040859_767,ambiguous,0.943,0.465,12.696,41.1,9.55452,76.32757,"POLYGON((76.35004 9.55308, 76.33539 9.56707, 76.31564 9.57223, 76.31342 9.55419, 76.31509 9.53903, 76.33652 9.54104, 76.35004 9.55308))",True
SLK-0107,2026-07-07T05:06:13Z,EOS-04,EOS04_20260707_050613_462,recent_vessel,0.813,0.64,15.829,84.5,9.82047,76.11375,"POLYGON((76.13475 9.81793, 76.1284 9.83881, 76.11195 9.83486, 76.09348 9.82799, 76.09148 9.81193, 76.10962 9.79466, 76.12173 9.80783, 76.13475 9.81793))",True
SLK-0110,2026-07-07T05:51:51Z,Sentinel-1A,Sentinel1A_20260707_055151_900,coincident_vessel,0.792,0.792,12.191,6.8,9.32891,76.20186,"POLYGON((76.22479 9.32734, 76.20878 9.34232, 76.19103 9.34674, 76.18491 9.32989, 76.19011 9.31361, 76.21156 9.30829, 76.22479 9.32734))",False
SLK-0117,2026-07-07T09:06:52Z,Sentinel-1A,Sentinel1A_20260707_090652_412,old_vessel,0.92,0.774,21.765,91.4,10.16547,75.8162,"POLYGON((75.84052 10.16529, 75.83162 10.18826, 75.80944 10.18766, 75.79619 10.17291, 75.78995 10.15589, 75.81293 10.14616, 75.83145 10.14605, 75.84052 10.16529))",True
SLK-0001,2026-07-07T21:17:41Z,Sentinel-1B,Sentinel1B_20260707_211741_718,recent_vessel,0.707,0.767,16.216,65.1,10.19218,75.68259,"POLYGON((75.69816 10.19001, 75.70058 10.20476, 75.68624 10.21502, 75.67168 10.20843, 75.66574 10.1985, 75.66106 10.18169, 75.67098 10.17636, 75.68445 10.17531, 75.69548 10.18314, 75.69816 10.19001))",True
SLK-0080,2026-07-08T21:00:35Z,EOS-04,EOS04_20260708_210035_805,infrastructure,0.765,0.887,8.488,66.3,10.07983,75.71514,"POLYGON((75.72838 10.07918, 75.73066 10.09149, 75.71453 10.09343, 75.70456 10.08824, 75.69784 10.07808, 75.70587 10.07178, 75.71545 10.06087, 75.72493 10.07108, 75.72838 10.07918))",False
SLK-0113,2026-07-09T01:05:50Z,Sentinel-1A,Sentinel1A_20260709_010550_685,recent_vessel,0.78,0.795,21.337,65.2,9.91446,76.24665,"POLYGON((76.26919 9.91112, 76.26566 9.93191, 76.24811 9.9354, 76.23345 9.93241, 76.22509 9.92505, 76.22401 9.90638, 76.23009 9.89346, 76.2478 9.88511, 76.26303 9.90119, 76.26919 9.91112))",True
SLK-0024,2026-07-09T15:55:45Z,EOS-04,EOS04_20260709_155545_584,recent_vessel,0.882,0.806,7.349,4.7,9.84601,76.37283,"POLYGON((76.38829 9.84752, 76.3798 9.85775, 76.37142 9.85668, 76.35641 9.85255, 76.3619 9.84256, 76.37048 9.8292, 76.38001 9.83606, 76.38829 9.84752))",False
SLK-0072,2026-07-10T16:04:54Z,Sentinel-1A,Sentinel1A_20260710_160454_376,ambiguous,0.779,0.46,4.105,73.3,9.91198,75.85352,"POLYGON((75.86228 9.91223, 75.85921 9.91726, 75.85104 9.91964, 75.84387 9.9154, 75.84606 9.90803, 75.85089 9.90218, 75.85825 9.90474, 75.86228 9.91223))",False
SLK-0037,2026-07-10T17:21:07Z,Sentinel-1B,Sentinel1B_20260710_172107_827,coincident_vessel,0.753,0.638,15.271,49.3,9.71824,75.73097,"POLYGON((75.75096 9.71779, 75.75011 9.73443, 75.7317 9.73419, 75.72374 9.73405, 75.70903 9.7285, 75.7082 9.70915, 75.72342 9.70002, 75.73253 9.69982, 75.74808 9.70461, 75.75096 9.71779))",False
SLK-0093,2026-07-12T11:13:43Z,Sentinel-1A,Sentinel1A_20260712_111343_767,natural_seep,0.844,0.633,17.861,64.2,9.46663,75.88454,"POLYGON((75.90799 9.46455, 75.89537 9.47855, 75.88579 9.48438, 75.87617 9.48359, 75.86015 9.47479, 75.85883 9.45631, 75.87445 9.44646, 75.88832 9.44845, 75.90181 9.4529, 75.90799 9.46455))",True
SLK-0020,2026-07-13T08:27:55Z,Sentinel-1A,Sentinel1A_20260713_082755_982,recent_vessel,0.841,0.762,8.726,57.7,9.30769,75.88635,"POLYGON((75.90392 9.30908, 75.89424 9.31628, 75.88312 9.32172, 75.87321 9.31582, 75.87165 9.3021, 75.88395 9.2942, 75.89679 9.29392, 75.90392 9.30908))",True
SLK-0055,2026-07-14T06:13:22Z,Sentinel-1B,Sentinel1B_20260714_061322_767,recent_vessel,0.838,0.71,12.371,72.3,9.9493,75.70899,"POLYGON((75.73154 9.94894, 75.72228 9.96331, 75.70623 9.96895, 75.69384 9.96592, 75.69223 9.94708, 75.69796 9.93817, 75.71166 9.92813, 75.72358 9.93381, 75.73154 9.94894))",False
SLK-0108,2026-07-14T07:38:15Z,EOS-04,EOS04_20260714_073815_638,recent_vessel,0.972,0.978,14.658,81.1,9.53384,75.88424,"POLYGON((75.90416 9.53511, 75.89629 9.54662, 75.87843 9.55635, 75.87103 9.54079, 75.86365 9.52242, 75.87925 9.52036, 75.89805 9.52034, 75.90416 9.53511))",True
SLK-0085,2026-07-14T22:11:35Z,EOS-04,EOS04_20260714_221135_949,recent_vessel,0.806,0.849,1.521,68.2,9.50471,76.53219,"POLYGON((76.53911 9.50479, 76.53633 9.51066, 76.52984 9.51135, 76.52534 9.50735, 76.52492 9.50172, 76.53085 9.49888, 76.53521 9.49974, 76.53911 9.50479))",False
SLK-0099,2026-07-15T02:01:33Z,Sentinel-1B,Sentinel1B_20260715_020133_708,ambiguous,0.853,0.349,12.579,40.3,9.37684,76.32984,"POLYGON((76.34283 9.37834, 76.339 9.39466, 76.32074 9.39359, 76.30808 9.37392, 76.32181 9.36591, 76.34152 9.3608, 76.34283 9.37834))",False
SLK-0036,2026-07-15T10:53:41Z,Sentinel-1B,Sentinel1B_20260715_105341_106,coincident_vessel,0.812,0.925,1.909,86.6,10.20521,76.52926,"POLYGON((76.53497 10.20552, 76.53341 10.20967, 76.52859 10.21079, 76.5238 10.20826, 76.52363 10.20194, 76.52852 10.19729, 76.53401 10.19933, 76.53497 10.20552))",True
SLK-0003,2026-07-16T21:24:11Z,Sentinel-1B,Sentinel1B_20260716_212411_926,ambiguous,0.969,0.456,15.699,38.6,9.97169,75.95475,"POLYGON((75.97171 9.96978, 75.9719 9.98452, 75.95905 9.9879, 75.94626 9.99174, 75.93165 9.98214, 75.94112 9.96509, 75.94199 9.95341, 75.95616 9.95606, 75.97273 9.9604, 75.97171 9.96978))",True
SLK-0101,2026-07-17T08:54:54Z,Sentinel-1A,Sentinel1A_20260717_085454_800,natural_seep,0.829,0.478,13.227,9.1,9.72254,75.94982,"POLYGON((75.96774 9.72219, 75.96213 9.73406, 75.9465 9.73762, 75.93608 9.72815, 75.9316 9.71392, 75.94629 9.70675, 75.96403 9.70429, 75.96774 9.72219))",True
SLK-0042,2026-07-19T04:03:29Z,EOS-04,EOS04_20260719_040329_536,natural_seep,0.816,0.44,1.895,56.5,10.21743,75.67124,"POLYGON((75.67894 10.21674, 75.67348 10.22223, 75.66629 10.22414, 75.6623 10.21843, 75.66578 10.21049, 75.67513 10.21048, 75.67894 10.21674))",True
SLK-0054,2026-07-19T10:21:17Z,EOS-04,EOS04_20260719_102117_149,recent_vessel,0.904,0.508,1.055,16.2,9.44045,76.28101,"POLYGON((76.28662 9.43979, 76.28649 9.44418, 76.28207 9.44543, 76.27759 9.44529, 76.27653 9.44268, 76.27536 9.43757, 76.27807 9.43511, 76.28193 9.43481, 76.28451 9.43828, 76.28662 9.43979))",True
SLK-0025,2026-07-19T10:51:24Z,EOS-04,EOS04_20260719_105124_220,old_vessel,0.71,0.663,1.526,74.8,9.66633,75.96371,"POLYGON((75.97076 9.66655, 75.96594 9.67169, 75.95994 9.67173, 75.95773 9.66628, 75.96122 9.66159, 75.96659 9.65975, 75.97076 9.66655))",False
SLK-0022,2026-07-21T02:09:21Z,Sentinel-1B,Sentinel1B_20260721_020921_185,recent_vessel,0.918,0.735,17.254,22.8,9.53917,76.51732,"POLYGON((76.53467 9.54125, 76.53362 9.5542, 76.52207 9.56324, 76.50509 9.55654, 76.50143 9.54531, 76.49533 9.53342, 76.51105 9.52502, 76.52064 9.51997, 76.53766 9.52637, 76.53467 9.54125))",False
SLK-0068,2026-07-22T08:42:28Z,Sentinel-1A,Sentinel1A_20260722_084228_954,coincident_vessel,0.729,0.594,14.491,50.7,10.00131,75.84314,"POLYGON((75.86528 9.99948, 75.86289 10.01577, 75.84199 10.02561, 75.82823 10.01333, 75.82515 10.00057, 75.82729 9.98324, 75.84537 9.97865, 75.85591 9.98486, 75.86528 9.99948))",True
SLK-0119,2026-07-23T05:01:09Z,Sentinel-1A,Sentinel1A_20260723_050109_814,coincident_vessel,0.867,0.792,19.388,44.1,10.00032,76.27607,"POLYGON((76.30319 9.99945, 76.28964 10.01683, 76.27841 10.02417, 76.26142 10.01535, 76.25067 9.99913, 76.25604 9.98488, 76.27225 9.97302, 76.2937 9.97897, 76.30319 9.99945))",True
SLK-0087,2026-07-24T18:36:12Z,Sentinel-1B,Sentinel1B_20260724_183612_954,old_vessel,0.911,0.658,9.142,80.3,9.89794,75.73646,"POLYGON((75.7555 9.8978, 75.74335 9.90706, 75.73398 9.9155, 75.72739 9.9094, 75.72177 9.89613, 75.72425 9.8855, 75.73739 9.88595, 75.7457 9.88694, 75.7555 9.8978))",False
SLK-0115,2026-07-24T20:05:24Z,Sentinel-1A,Sentinel1A_20260724_200524_122,recent_vessel,0.901,0.699,10.602,73.9,10.11465,76.36691,"POLYGON((76.38048 10.11347, 76.37715 10.12601, 76.3705 10.12599, 76.36108 10.12793, 76.35092 10.12207, 76.3558 10.10965, 76.35842 10.10399, 76.3685 10.09433, 76.37917 10.10581, 76.38048 10.11347))",True
SLK-0013,2026-07-28T07:13:12Z,Sentinel-1A,Sentinel1A_20260728_071312_995,natural_seep,0.856,0.464,11.978,44.0,9.62178,75.77922,"POLYGON((75.79421 9.6221, 75.78643 9.63239, 75.77334 9.64067, 75.76364 9.62748, 75.76053 9.61176, 75.7778 9.60429, 75.78832 9.60662, 75.79421 9.6221))",True
SLK-0096,2026-07-29T11:01:54Z,EOS-04,EOS04_20260729_110154_855,ambiguous,0.966,0.361,16.659,28.9,10.15942,75.75222,"POLYGON((75.77807 10.16042, 75.76639 10.17316, 75.76017 10.18349, 75.73673 10.18076, 75.73351 10.1663, 75.73078 10.14919, 75.74219 10.13674, 75.75855 10.13706, 75.76695 10.1473, 75.77807 10.16042))",False
SLK-0014,2026-07-30T22:47:05Z,EOS-04,EOS04_20260730_224705_800,old_vessel,0.729,0.726,20.034,2.0,9.44416,76.42739,"POLYGON((76.45413 9.44078, 76.44416 9.46214, 76.42407 9.46086, 76.40504 9.45621, 76.40108 9.43134, 76.42212 9.41661, 76.44206 9.42588, 76.45413 9.44078))",True
SLK-0046,2026-07-31T16:34:02Z,Sentinel-1A,Sentinel1A_20260731_163402_199,coincident_vessel,0.709,0.867,19.58,15.5,9.40126,75.79527,"POLYGON((75.8188 9.40063, 75.80738 9.42095, 75.78988 9.42029, 75.77731 9.41262, 75.77499 9.39126, 75.78966 9.38647, 75.80949 9.37835, 75.8188 9.40063))",False
SLK-0057,2026-07-31T20:07:40Z,Sentinel-1A,Sentinel1A_20260731_200740_119,infrastructure,0.771,0.486,4.912,71.2,9.73612,76.3981,"POLYGON((76.40836 9.73667, 76.40504 9.7446, 76.39467 9.74677, 76.38761 9.74269, 76.38869 9.73301, 76.39632 9.72232, 76.40526 9.72539, 76.40836 9.73667))",True
SLK-0015,2026-07-31T23:55:27Z,EOS-04,EOS04_20260731_235527_761,coincident_vessel,0.769,0.848,12.604,55.4,10.29269,75.88047,"POLYGON((75.89949 10.29142, 75.8958 10.30685, 75.88642 10.31097, 75.8691 10.31212, 75.86066 10.30124, 75.86495 10.28657, 75.87134 10.27555, 75.88516 10.27278, 75.89803 10.27955, 75.89949 10.29142))",True
SLK-0112,2026-08-04T01:32:05Z,EOS-04,EOS04_20260804_013205_798,recent_vessel,0.92,0.7,4.254,78.5,9.92524,76.36799,"POLYGON((76.37856 9.92441, 76.37404 9.93212, 76.36394 9.93633, 76.36051 9.92962, 76.35946 9.92014, 76.36674 9.91439, 76.37482 9.91678, 76.37856 9.92441))",False
SLK-0021,2026-08-04T06:53:12Z,EOS-04,EOS04_20260804_065312_825,coincident_vessel,0.827,0.99,11.524,15.7,9.67285,75.86875,"POLYGON((75.88807 9.67442, 75.88471 9.6828, 75.87224 9.68795, 75.86035 9.68663, 75.84943 9.68144, 75.85234 9.66426, 75.86104 9.6624, 75.8736 9.65182, 75.88269 9.65992, 75.88807 9.67442))",False
SLK-0092,2026-08-05T16:24:09Z,Sentinel-1A,Sentinel1A_20260805_162409_504,coincident_vessel,0.909,0.783,1.855,47.6,9.68478,76.0341,"POLYGON((76.04255 9.68525, 76.03916 9.68901, 76.03313 9.69133, 76.02734 9.69015, 76.02526 9.68399, 76.03045 9.68146, 76.0345 9.67715, 76.03897 9.67967, 76.04255 9.68525))",True
SLK-0035,2026-08-05T17:36:20Z,Sentinel-1B,Sentinel1B_20260805_173620_493,coincident_vessel,0.983,0.708,21.426,86.0,10.21915,75.81828,"POLYGON((75.8482 10.21712, 75.83342 10.23313, 75.82249 10.24457, 75.80629 10.24506, 75.80093 10.22835, 75.79061 10.21242, 75.80582 10.19223, 75.82111 10.19488, 75.8408 10.2013, 75.8482 10.21712))",False
SLK-0033,2026-08-06T01:18:41Z,Sentinel-1A,Sentinel1A_20260806_011841_638,coincident_vessel,0.804,0.628,5.237,64.3,9.76539,75.75173,"POLYGON((75.76449 9.76611, 75.75833 9.77389, 75.75299 9.78016, 75.74366 9.77344, 75.74094 9.76382, 75.74197 9.75453, 75.75281 9.75169, 75.76228 9.75685, 75.76449 9.76611))",False
SLK-0007,2026-08-06T17:59:03Z,Sentinel-1B,Sentinel1B_20260806_175903_617,coincident_vessel,0.827,0.961,11.974,29.4,10.28385,76.36674,"POLYGON((76.38518 10.28476, 76.37197 10.29623, 76.35761 10.29599, 76.3464 10.2815, 76.35763 10.27147, 76.37359 10.26942, 76.38518 10.28476))",False
SLK-0051,2026-08-06T19:37:52Z,Sentinel-1B,Sentinel1B_20260806_193752_340,coincident_vessel,0.892,0.75,13.344,13.6,10.13065,75.69967,"POLYGON((75.72171 10.12923, 75.70973 10.14777, 75.68677 10.14893, 75.68259 10.12825, 75.69181 10.11805, 75.71172 10.11078, 75.72171 10.12923))",False
SLK-0043,2026-08-09T06:16:26Z,EOS-04,EOS04_20260809_061626_900,natural_seep,0.762,0.29,4.158,27.2,10.18342,75.63292,"POLYGON((75.64343 10.18388, 75.63843 10.1921, 75.63194 10.19301, 75.62274 10.18855, 75.62524 10.17891, 75.6321 10.17281, 75.63786 10.1751, 75.64343 10.18388))",False
SLK-0114,2026-08-10T08:29:38Z,Sentinel-1A,Sentinel1A_20260810_082938_348,old_vessel,0.816,0.509,19.028,75.7,9.92401,76.03074,"POLYGON((76.05827 9.92642, 76.04585 9.93743, 76.03188 9.94992, 76.02089 9.94137, 76.01524 9.93122, 76.01525 9.91796, 76.02297 9.90761, 76.0355 9.90047, 76.04611 9.90929, 76.05827 9.92642))",False
SLK-0103,2026-08-10T11:29:46Z,EOS-04,EOS04_20260810_112946_932,coincident_vessel,0.904,0.725,16.674,43.5,10.10783,75.92427,"POLYGON((75.93996 10.10649, 75.93337 10.12316, 75.91874 10.127, 75.90789 10.1187, 75.90227 10.10106, 75.91961 10.0888, 75.94022 10.08995, 75.93996 10.10649))",False
SLK-0094,2026-08-10T13:08:08Z,EOS-04,EOS04_20260810_130808_305,old_vessel,0.846,0.545,6.928,40.1,9.55126,76.0896,"POLYGON((76.10411 9.5529, 76.09643 9.55979, 76.08629 9.56556, 76.07352 9.55708, 76.07595 9.5459, 76.08744 9.53519, 76.10181 9.53945, 76.10411 9.5529))",False
SLK-0018,2026-08-10T20:07:13Z,Sentinel-1B,Sentinel1B_20260810_200713_420,coincident_vessel,0.964,0.844,13.402,6.8,9.57502,76.20142,"POLYGON((76.22138 9.57432, 76.21561 9.58738, 76.20188 9.59689, 76.18862 9.59096, 76.18209 9.57285, 76.19011 9.56111, 76.2035 9.55749, 76.21512 9.56393, 76.22138 9.57432))",True
SLK-0058,2026-08-11T01:41:38Z,Sentinel-1B,Sentinel1B_20260811_014138_141,coincident_vessel,0.959,0.832,11.896,62.9,9.44863,75.97287,"POLYGON((75.99055 9.44671, 75.98574 9.45853, 75.97506 9.46326, 75.95458 9.46224, 75.95239 9.44751, 75.96185 9.43989, 75.97324 9.43041, 75.98381 9.44001, 75.99055 9.44671))",False
SLK-0016,2026-08-12T03:38:31Z,EOS-04,EOS04_20260812_033831_529,ambiguous,0.731,0.37,5.182,2.9,10.18423,76.13334,"POLYGON((76.14604 10.18478, 76.14166 10.19428, 76.13093 10.19282, 76.12626 10.18885, 76.12586 10.17922, 76.12974 10.17294, 76.13982 10.17567, 76.14604 10.18478))",False
SLK-0010,2026-08-12T14:47:35Z,Sentinel-1A,Sentinel1A_20260812_144735_418,ambiguous,0.822,0.322,18.376,45.4,10.04902,75.64948,"POLYGON((75.66582 10.04769, 75.65915 10.0616, 75.65211 10.06732, 75.63108 10.06378, 75.62777 10.0507, 75.62747 10.03186, 75.64928 10.03042, 75.66545 10.032, 75.66582 10.04769))",False
SLK-0056,2026-08-12T15:39:26Z,EOS-04,EOS04_20260812_153926_452,coincident_vessel,0.892,0.73,10.454,51.4,9.43638,75.97144,"POLYGON((75.98442 9.43816, 75.98534 9.45164, 75.96976 9.455, 75.95706 9.45169, 75.95423 9.43611, 75.96228 9.42918, 75.97193 9.41959, 75.98314 9.42758, 75.98442 9.43816))",False
SLK-0070,2026-08-13T02:14:41Z,EOS-04,EOS04_20260813_021441_192,old_vessel,0.967,0.475,9.583,89.3,9.42054,76.33187,"POLYGON((76.34907 9.42122, 76.34176 9.43318, 76.32437 9.43512, 76.31405 9.42145, 76.32153 9.40648, 76.34462 9.40476, 76.34907 9.42122))",False
SLK-0027,2026-08-14T03:54:54Z,Sentinel-1A,Sentinel1A_20260814_035454_510,ambiguous,0.936,0.363,20.546,69.4,9.48983,75.75138,"POLYGON((75.77206 9.48982, 75.77653 9.50522, 75.75652 9.51888, 75.74234 9.50885, 75.73077 9.50052, 75.72855 9.47857, 75.73926 9.46954, 75.75754 9.4686, 75.77354 9.47541, 75.77206 9.48982))",False
SLK-0053,2026-08-14T12:12:35Z,Sentinel-1B,Sentinel1B_20260814_121235_833,ambiguous,0.916,0.602,0.44,39.0,9.33583,76.12164,"POLYGON((76.12599 9.33621, 76.1236 9.33952, 76.11971 9.33899, 76.11855 9.33587, 76.11996 9.33218, 76.12344 9.33337, 76.12599 9.33621))",False
SLK-0071,2026-08-14T17:29:14Z,Sentinel-1B,Sentinel1B_20260814_172914_731,coincident_vessel,0.816,0.63,16.777,46.4,9.49811,75.97555,"POLYGON((76.00295 9.49861, 75.98657 9.51195, 75.97244 9.51782, 75.95516 9.50645, 75.95663 9.49167, 75.97105 9.48175, 75.98908 9.47967, 76.00295 9.49861))",True
SLK-0065,2026-08-14T21:05:06Z,Sentinel-1A,Sentinel1A_20260814_210506_855,coincident_vessel,0.702,0.817,4.817,40.6,10.08573,76.07348,"POLYGON((76.08679 10.08559, 76.08362 10.09475, 76.07236 10.09384, 76.06706 10.09109, 76.06424 10.08581, 76.06497 10.07543, 76.07434 10.07715, 76.08081 10.07959, 76.08679 10.08559))",False
SLK-0120,2026-08-14T23:50:42Z,Sentinel-1A,Sentinel1A_20260814_235042_355,old_vessel,0.876,0.627,16.325,16.6,9.97139,75.61065,"POLYGON((75.62962 9.96944, 75.62214 9.98093, 75.60974 9.98841, 75.59191 9.98778, 75.58813 9.96931, 75.59362 9.95228, 75.61004 9.95322, 75.61953 9.95991, 75.62962 9.96944))",False
SLK-0106,2026-08-15T06:48:49Z,Sentinel-1B,Sentinel1B_20260815_064849_186,ambiguous,0.717,0.322,14.545,50.1,9.59572,75.9819,"POLYGON((75.99932 9.59686, 75.99929 9.61133, 75.97939 9.61624, 75.97026 9.60993, 75.95769 9.59469, 75.96758 9.5805, 75.98159 9.57814, 75.99839 9.58225, 75.99932 9.59686))",True
SLK-0049,2026-08-16T04:56:33Z,EOS-04,EOS04_20260816_045633_467,recent_vessel,0.77,0.99,17.83,39.1,9.61959,75.73293,"POLYGON((75.76117 9.62089, 75.74455 9.63649, 75.72554 9.63325, 75.71026 9.61819, 75.71863 9.5997, 75.7424 9.59977, 75.76117 9.62089))",False
SLK-0102,2026-08-16T07:55:31Z,Sentinel-1B,Sentinel1B_20260816_075531_146,ambiguous,0.944,0.511,11.532,28.7,9.34773,75.67271,"POLYGON((75.69031 9.3478, 75.68165 9.36214, 75.66116 9.36477, 75.65434 9.34852, 75.66739 9.33666, 75.68231 9.33376, 75.69031 9.3478))",True
SLK-0079,2026-08-17T23:35:30Z,Sentinel-1A,Sentinel1A_20260817_233530_812,recent_vessel,0.899,0.811,7.766,69.8,9.5519,75.63234,"POLYGON((75.64738 9.54992, 75.63704 9.5627, 75.6265 9.56122, 75.62164 9.55044, 75.62606 9.54035, 75.64121 9.5392, 75.64738 9.54992))",False
SLK-0028,2026-08-18T01:22:34Z,Sentinel-1B,Sentinel1B_20260818_012234_252,recent_vessel,0.756,0.736,11.118,73.5,9.57972,76.53964,"POLYGON((76.55259 9.57829, 76.55147 9.59825, 76.5315 9.59308, 76.5215 9.58164, 76.5331 9.56928, 76.54693 9.562, 76.55259 9.57829))",False
SLK-0039,2026-08-18T08:41:51Z,EOS-04,EOS04_20260818_084151_165,natural_seep,0.878,0.717,14.494,17.3,9.31266,75.73035,"POLYGON((75.75516 9.31018, 75.74168 9.33234, 75.72162 9.32553, 75.70758 9.31519, 75.71685 9.29289, 75.73835 9.30124, 75.75516 9.31018))",False
SLK-0084,2026-08-18T14:46:34Z,Sentinel-1A,Sentinel1A_20260818_144634_563,old_vessel,0.763,0.677,10.443,44.7,9.3145,76.0067,"POLYGON((76.02264 9.31331, 76.02105 9.32951, 75.99941 9.3337, 75.99173 9.31955, 75.98619 9.30797, 76.00413 9.29823, 76.01615 9.30226, 76.02264 9.31331))",False
SLK-0077,2026-08-19T00:33:39Z,Sentinel-1B,Sentinel1B_20260819_003339_903,old_vessel,0.956,0.572,10.484,34.1,9.76124,75.76226,"POLYGON((75.77522 9.76164, 75.77789 9.77335, 75.76093 9.77592, 75.74777 9.77429, 75.74656 9.76109, 75.74927 9.74909, 75.76257 9.74011, 75.77256 9.75035, 75.77522 9.76164))",False
SLK-0073,2026-08-20T07:04:23Z,Sentinel-1A,Sentinel1A_20260820_070423_631,natural_seep,0.895,0.494,4.502,20.0,9.47708,76.50696,"POLYGON((76.51776 9.47826, 76.51547 9.4834, 76.50952 9.48693, 76.50226 9.48848, 76.49796 9.48068, 76.49534 9.47247, 76.50168 9.46745, 76.51059 9.46496, 76.51513 9.4704, 76.51776 9.47826))",False
SLK-0095,2026-08-20T19:28:45Z,Sentinel-1B,Sentinel1B_20260820_192845_925,ambiguous,0.818,0.335,2.032,90.6,10.02423,75.73353,"POLYGON((75.74089 10.02438, 75.73834 10.03063, 75.72907 10.03144, 75.72619 10.02418, 75.72883 10.0181, 75.73725 10.01894, 75.74089 10.02438))",False
SLK-0004,2026-08-23T02:32:50Z,Sentinel-1A,Sentinel1A_20260823_023250_767,natural_seep,0.728,0.366,9.512,41.0,9.76702,76.29262,"POLYGON((76.31055 9.76468, 76.29773 9.77791, 76.28583 9.78157, 76.27981 9.76839, 76.28269 9.7505, 76.29989 9.74989, 76.31055 9.76468))",False
SLK-0040,2026-08-23T06:05:07Z,EOS-04,EOS04_20260823_060507_858,coincident_vessel,0.983,0.86,13.824,47.9,9.81078,75.65267,"POLYGON((75.66902 9.81014, 75.66693 9.82464, 75.64806 9.82593, 75.6401 9.8167, 75.63889 9.80231, 75.64855 9.79368, 75.66566 9.79073, 75.66902 9.81014))",True
SLK-0105,2026-08-24T12:23:42Z,EOS-04,EOS04_20260824_122342_472,old_vessel,0.778,0.707,11.363,64.4,10.0064,76.4803,"POLYGON((76.50244 10.00836, 76.49627 10.0218, 76.48197 10.02459, 76.47249 10.01693, 76.46377 10.01198, 76.4673 10.00314, 76.47113 9.99354, 76.48501 9.98769, 76.49445 9.99646, 76.50244 10.00836))",True
SLK-0064,2026-08-24T13:20:24Z,Sentinel-1B,Sentinel1B_20260824_132024_661,recent_vessel,0.723,0.808,1.45,84.4,9.84843,75.62505,"POLYGON((75.63311 9.84849, 75.63062 9.85202, 75.62736 9.85579, 75.6226 9.85295, 75.61928 9.85005, 75.61891 9.84697, 75.62244 9.84484, 75.62607 9.84085, 75.63011 9.8451, 75.63311 9.84849))",False
SLK-0097,2026-08-24T19:24:58Z,Sentinel-1B,Sentinel1B_20260824_192458_277,coincident_vessel,0.708,0.99,1.194,61.8,9.93016,76.35147,"POLYGON((76.35604 9.92948, 76.35541 9.93448, 76.35096 9.93485, 76.3454 9.93258, 76.34761 9.92811, 76.35043 9.92501, 76.35542 9.92642, 76.35604 9.92948))",False
SLK-0030,2026-08-25T06:49:10Z,EOS-04,EOS04_20260825_064910_304,natural_seep,0.856,0.583,20.53,67.0,9.43727,76.18489,"POLYGON((76.21054 9.43531, 76.20047 9.45691, 76.1829 9.45901, 76.16843 9.44382, 76.17073 9.42908, 76.17879 9.40894, 76.2026 9.41407, 76.21054 9.43531))",False
SLK-0006,2026-08-25T12:33:44Z,Sentinel-1A,Sentinel1A_20260825_123344_478,natural_seep,0.958,0.554,13.645,40.5,9.88367,76.09664,"POLYGON((76.11809 9.88179, 76.11022 9.8951, 76.09578 9.90017, 76.08201 9.89977, 76.07821 9.88601, 76.08195 9.86407, 76.09463 9.86825, 76.11238 9.86581, 76.11809 9.88179))",True
SLK-0062,2026-08-25T12:50:56Z,Sentinel-1B,Sentinel1B_20260825_125056_602,recent_vessel,0.97,0.852,5.205,23.6,9.56541,75.81775,"POLYGON((75.82844 9.56648, 75.8228 9.57285, 75.81629 9.58011, 75.8103 9.56897, 75.80502 9.55761, 75.81645 9.55479, 75.82619 9.5537, 75.82844 9.56648))",False
SLK-0083,2026-08-26T01:28:57Z,Sentinel-1A,Sentinel1A_20260826_012857_908,infrastructure,0.87,0.893,1.243,42.1,9.51617,76.17896,"POLYGON((76.18345 9.51602, 76.1825 9.52119, 76.17727 9.52051, 76.17353 9.51953, 76.17469 9.51479, 76.1783 9.51068, 76.18179 9.51186, 76.18345 9.51602))",True
SLK-0075,2026-08-27T03:23:45Z,Sentinel-1A,Sentinel1A_20260827_032345_876,old_vessel,0.714,0.704,0.856,82.0,9.967,76.39611,"POLYGON((76.3997 9.96682, 76.40097 9.97078, 76.39653 9.97107, 76.39215 9.97054, 76.39116 9.96689, 76.39281 9.96268, 76.39597 9.96361, 76.39936 9.96428, 76.3997 9.96682))",False
SLK-0081,2026-08-28T01:52:47Z,Sentinel-1A,Sentinel1A_20260828_015247_348,ambiguous,0.769,0.456,8.583,76.2,9.94341,76.0747,"POLYGON((76.08533 9.94488, 76.08556 9.95154, 76.07624 9.95737, 76.06771 9.95815, 76.0567 9.94972, 76.06086 9.93665, 76.06916 9.93216, 76.0755 9.92643, 76.08292 9.93657, 76.08533 9.94488))",False
SLK-0008,2026-08-29T01:51:36Z,Sentinel-1B,Sentinel1B_20260829_015136_236,infrastructure,0.985,0.797,13.467,73.9,9.75542,76.44183,"POLYGON((76.4594 9.75656, 76.45148 9.76664, 76.43535 9.77757, 76.41987 9.76309, 76.42827 9.74755, 76.43902 9.73476, 76.45387 9.74021, 76.4594 9.75656))",False
SLK-0061,2026-08-29T21:24:51Z,Sentinel-1A,Sentinel1A_20260829_212451_165,coincident_vessel,0.807,0.676,12.23,24.7,9.60665,75.92714,"POLYGON((75.94895 9.60817, 75.94235 9.62051, 75.93096 9.62619, 75.92102 9.62009, 75.91201 9.61259, 75.9083 9.59957, 75.92075 9.59397, 75.93105 9.59476, 75.93681 9.59641, 75.94895 9.60817))",False
SLK-0111,2026-08-30T21:36:56Z,Sentinel-1A,Sentinel1A_20260830_213656_326,natural_seep,0.967,0.568,13.413,0.9,9.30958,75.76486,"POLYGON((75.7841 9.31108, 75.77941 9.3239, 75.76888 9.32235, 75.75272 9.32625, 75.74842 9.31455, 75.74447 9.30003, 75.7567 9.29691, 75.77018 9.28944, 75.77709 9.29596, 75.7841 9.31108))",True
SLK-0067,2026-08-31T01:13:52Z,Sentinel-1A,Sentinel1A_20260831_011352_306,old_vessel,0.847,0.576,16.154,84.8,9.91973,75.94587,"POLYGON((75.96115 9.91892, 75.95843 9.94069, 75.94285 9.94221, 75.93054 9.92557, 75.92768 9.9125, 75.94156 9.90484, 75.95581 9.90858, 75.96115 9.91892))",True
SLK-0012,2026-08-31T12:35:41Z,EOS-04,EOS04_20260831_123541_605,coincident_vessel,0.767,0.75,10.016,66.1,10.22391,76.34844,"POLYGON((76.36522 10.22354, 76.36041 10.24011, 76.34459 10.23524, 76.33611 10.23134, 76.3337 10.21553, 76.34485 10.21196, 76.36064 10.21048, 76.36522 10.22354))",True
