vessel_id,timestamp,lat,lon,speed_knots,heading_deg,linked_slick_id
259007432,2026-08-15T23:01:57Z,9.91983,75.58307,9.5,153.1,SLK-0049
259007432,2026-08-15T23:16:57Z,9.87846,75.60407,10.5,150.9,SLK-0049
259007432,2026-08-15T23:31:57Z,9.84741,75.62527,9.6,156.9,SLK-0049
259007432,2026-08-15T23:46:57Z,9.80641,75.63844,9.8,155.7,SLK-0049
259007432,2026-08-16T00:01:57Z,9.76696,75.66355,9.7,152.1,SLK-0049
259007432,2026-08-16T00:16:57Z,9.7349,75.67943,9.7,159.2,SLK-0049
259007432,2026-08-16T00:31:57Z,9.6999,75.69505,10.6,152.9,SLK-0049
259007432,2026-08-16T00:46:57Z,9.65415,75.71926,10.7,153.4,SLK-0049
259015569,2026-08-26T17:41:45Z,9.63797,76.59156,15.799999999999999,330.3,SLK-0075
259015569,2026-08-26T17:56:45Z,9.69132,76.56076,15.1,332.7,SLK-0075
259015569,2026-08-26T18:11:45Z,9.75112,76.52356,15.6,327.6,SLK-0075
259015569,2026-08-26T18:26:45Z,9.80294,76.49028,15.5,333.4,SLK-0075
259015569,2026-08-26T18:41:45Z,9.86127,76.45937,16.0,327.2,SLK-0075
259015569,2026-08-26T18:56:45Z,9.9075,76.43331,15.399999999999999,333.9,SLK-0075
259024972,2026-06-02T04:44:53Z,9.55429,76.17204,18.3,345.0,
259024972,2026-06-02T05:04:53Z,9.64878,76.14209,18.6,341.0,
259024972,2026-06-02T05:24:53Z,9.74326,76.11213,18.0,349.1,
259024972,2026-06-02T05:44:53Z,9.83775,76.08218,17.8,337.7,
259024972,2026-06-02T06:04:53Z,9.93224,76.05223,17.6,347.9,
259024972,2026-06-02T06:24:53Z,10.02672,76.02227,17.3,339.5,
259050573,2026-07-12T13:07:01Z,9.90676,75.98016,8.1,226.2,
259050573,2026-07-12T13:27:01Z,9.87675,75.95411,7.8999999999999995,224.3,
259050573,2026-07-12T13:47:01Z,9.84674,75.92806,6.699999999999999,215.7,
259050573,2026-07-12T14:07:01Z,9.81673,75.90201,6.3999999999999995,220.9,
259050573,2026-07-12T14:27:01Z,9.78671,75.87596,7.199999999999999,226.2,
259050573,2026-07-12T14:47:01Z,9.7567,75.84991,7.1,214.6,
259050573,2026-07-12T15:07:01Z,9.72669,75.82386,7.699999999999999,217.4,
259050573,2026-07-12T15:27:01Z,9.69668,75.79781,7.3999999999999995,221.3,
259050573,2026-07-12T15:47:01Z,9.66667,75.77175,7.8,215.2,
259182606,2026-07-21T09:07:38Z,9.85606,76.1096,13.0,295.8,
259182606,2026-07-21T09:27:38Z,9.88318,76.04279,13.4,286.4,
259182606,2026-07-21T09:47:38Z,9.91029,75.97599,13.3,299.8,
259182606,2026-07-21T10:07:38Z,9.93741,75.90918,13.600000000000001,287.3,
259182606,2026-07-21T10:27:38Z,9.96453,75.84237,13.0,287.3,
259182606,2026-07-21T10:47:38Z,9.99164,75.77556,12.9,297.2,
259182606,2026-07-21T11:07:38Z,10.01876,75.70876,12.0,286.5,
259182606,2026-07-21T11:27:38Z,10.04588,75.64195,12.200000000000001,287.0,
259182606,2026-07-21T11:47:38Z,10.073,75.57514,12.9,298.0,
259182606,2026-07-21T12:07:38Z,10.10011,75.50834,11.9,300.1,
259182606,2026-07-21T12:27:38Z,10.12723,75.44153,12.8,290.2,
259182606,2026-07-21T12:47:38Z,10.15435,75.37472,12.9,291.2,
259191088,2026-08-05T16:37:53Z,9.84851,76.14983,10.200000000000001,257.1,SLK-0033
259191088,2026-08-05T16:52:53Z,9.8404,76.11013,11.100000000000001,255.8,SLK-0033
259191088,2026-08-05T17:07:53Z,9.82568,76.06236,10.0,254.7,SLK-0033
259191088,2026-08-05T17:22:53Z,9.8169,76.01933,11.100000000000001,258.6,SLK-0033
259191088,2026-08-05T17:37:53Z,9.80748,75.97931,11.600000000000001,257.8,SLK-0033
259191088,2026-08-05T17:52:53Z,9.80045,75.92744,10.200000000000001,259.8,SLK-0033
259191088,2026-08-05T18:07:53Z,9.79557,75.89055,10.600000000000001,262.8,SLK-0033
259191088,2026-08-05T18:22:53Z,9.78347,75.84536,10.600000000000001,253.1,SLK-0033
259191088,2026-08-05T18:37:53Z,9.77933,75.8002,10.200000000000001,262.4,SLK-0033
259269495,2026-08-17T16:16:34Z,9.70257,76.5249,4.3,174.5,SLK-0028
259269495,2026-08-17T16:31:34Z,9.68578,76.52477,3.4000000000000004,170.7,SLK-0028
259269495,2026-08-17T16:46:34Z,9.6709,76.52851,4.6000000000000005,171.9,SLK-0028
259269495,2026-08-17T17:01:34Z,9.65114,76.52931,3.7,172.5,SLK-0028
259269495,2026-08-17T17:16:34Z,9.63282,76.53468,3.6,173.1,SLK-0028
259269495,2026-08-17T17:31:34Z,9.60964,76.53854,3.6,165.2,SLK-0028
259269495,2026-08-17T17:46:34Z,9.59516,76.53336,4.5,169.9,SLK-0028
259269658,2026-06-09T12:06:59Z,9.81036,76.25753,5.6000000000000005,4.8,SLK-0038
259269658,2026-06-09T12:21:59Z,9.8314,76.2576,5.300000000000001,5.1,SLK-0038
259269658,2026-06-09T12:36:59Z,9.85288,76.25906,5.0,1.8,SLK-0038
259269658,2026-06-09T12:51:59Z,9.87002,76.25561,5.6000000000000005,11.7,SLK-0038
259269658,2026-06-09T13:06:59Z,9.89106,76.26026,5.0,9.2,SLK-0038
259269658,2026-06-09T13:21:59Z,9.91634,76.2656,4.6000000000000005,5.3,SLK-0038
259269658,2026-06-09T13:36:59Z,9.9397,76.26372,4.5,11.1,SLK-0038
259455884,2026-06-21T11:35:42Z,9.85072,76.64643,11.9,220.1,SLK-0063
259455884,2026-06-21T11:50:42Z,9.81408,76.61449,12.7,216.6,SLK-0063
259455884,2026-06-21T12:05:42Z,9.7723,76.58193,11.5,214.0,SLK-0063
259455884,2026-06-21T12:20:42Z,9.73774,76.54747,12.299999999999999,218.9,SLK-0063
259455884,2026-06-21T12:35:42Z,9.69839,76.5133,11.6,214.7,SLK-0063
259455884,2026-06-21T12:50:42Z,9.6533,76.48399,11.7,219.7,SLK-0063
259455884,2026-06-21T13:05:42Z,9.61308,76.45402,12.7,216.4,SLK-0063
259455884,2026-06-21T13:20:42Z,9.57646,76.42772,12.0,214.2,SLK-0063
259455884,2026-06-21T13:35:42Z,9.53106,76.39383,12.4,223.3,SLK-0063
259634216,2026-08-06T13:32:39Z,10.48238,76.31623,8.100000000000001,163.1,SLK-0007
259634216,2026-08-06T13:47:39Z,10.44729,76.32605,8.100000000000001,165.8,SLK-0007
259634216,2026-08-06T14:02:39Z,10.41984,76.33543,8.0,160.0,SLK-0007
259634216,2026-08-06T14:17:39Z,10.38827,76.3383,8.4,171.5,SLK-0007
259634216,2026-08-06T14:32:39Z,10.34633,76.35033,8.100000000000001,169.1,SLK-0007
259634216,2026-08-06T14:47:39Z,10.31676,76.3629,7.700000000000001,170.5,SLK-0007
259641395,2026-07-07T12:32:05Z,10.20505,76.12185,11.3,274.2,SLK-0001
259641395,2026-07-07T12:47:05Z,10.20064,76.07223,11.9,272.5,SLK-0001
259641395,2026-07-07T13:02:05Z,10.19928,76.02018,11.8,269.4,SLK-0001
259641395,2026-07-07T13:17:05Z,10.20009,75.97583,11.4,265.2,SLK-0001
259641395,2026-07-07T13:32:05Z,10.20026,75.93058,11.8,263.6,SLK-0001
259641395,2026-07-07T13:47:05Z,10.20207,75.87995,11.9,266.3,SLK-0001
259641395,2026-07-07T14:02:05Z,10.19465,75.82531,10.7,270.9,SLK-0001
259641395,2026-07-07T14:17:05Z,10.1974,75.78474,11.9,268.3,SLK-0001
259641395,2026-07-07T14:32:05Z,10.18975,75.73256,12.0,268.3,SLK-0001
259674916,2026-06-16T18:19:54Z,10.185,76.54285,19.5,52.1,
259674916,2026-06-16T18:39:54Z,10.25996,76.61852,19.5,48.8,
259674916,2026-06-16T18:59:54Z,10.33493,76.69418,18.7,48.2,
259674916,2026-06-16T19:19:54Z,10.40989,76.76985,19.3,42.7,
259674916,2026-06-16T19:39:54Z,10.48486,76.84552,18.1,43.0,
259674916,2026-06-16T19:59:54Z,10.55982,76.92118,18.8,40.8,
259674916,2026-06-16T20:19:54Z,10.63479,76.99685,19.0,51.6,
259677665,2026-06-29T09:52:54Z,10.18661,75.76903,13.0,84.7,SLK-0116
259677665,2026-06-29T10:07:54Z,10.18389,75.82366,12.6,79.6,SLK-0116
259677665,2026-06-29T10:22:54Z,10.19223,75.88117,12.7,86.3,SLK-0116
259677665,2026-06-29T10:37:54Z,10.19664,75.93798,13.4,88.3,SLK-0116
259677665,2026-06-29T10:52:54Z,10.20156,75.99138,12.4,88.4,SLK-0116
259677665,2026-06-29T11:07:54Z,10.21233,76.04558,12.6,87.4,SLK-0116
259677665,2026-06-29T11:22:54Z,10.2135,76.09843,13.8,89.5,SLK-0116
259704331,2026-06-23T17:14:26Z,9.91156,76.2021,9.700000000000001,158.3,SLK-0045
259704331,2026-06-23T17:29:26Z,9.86551,76.21782,10.5,159.6,SLK-0045
259704331,2026-06-23T17:44:26Z,9.83314,76.2305,9.200000000000001,161.9,SLK-0045
259704331,2026-06-23T17:59:26Z,9.791,76.24792,10.6,152.6,SLK-0045
259704331,2026-06-23T18:14:26Z,9.75153,76.26434,10.3,158.3,SLK-0045
259704331,2026-06-23T18:29:26Z,9.72058,76.27738,10.1,159.1,SLK-0045
259832197,2026-08-18T19:09:03Z,10.01766,75.66351,8.8,163.5,SLK-0077
259832197,2026-08-18T19:24:03Z,9.98816,75.67922,8.600000000000001,155.4,SLK-0077
259832197,2026-08-18T19:39:03Z,9.95995,75.695,8.9,161.9,SLK-0077
259832197,2026-08-18T19:54:03Z,9.91919,75.69945,7.700000000000001,160.7,SLK-0077
259832197,2026-08-18T20:09:03Z,9.8905,75.71562,7.800000000000001,162.5,SLK-0077
259832197,2026-08-18T20:24:03Z,9.85718,75.7274,9.0,157.9,SLK-0077
259832197,2026-08-18T20:39:03Z,9.83085,75.7379,9.100000000000001,158.4,SLK-0077
259832197,2026-08-18T20:54:03Z,9.78972,75.74549,9.100000000000001,159.1,SLK-0077
259905992,2026-07-05T05:39:16Z,9.79104,76.43283,8.5,171.4,SLK-0044
259905992,2026-07-05T05:54:16Z,9.76086,76.4373,8.5,180.9,SLK-0044
259905992,2026-07-05T06:09:16Z,9.7249,76.43747,8.8,181.6,SLK-0044
259905992,2026-07-05T06:24:16Z,9.68751,76.43889,8.600000000000001,172.9,SLK-0044
259905992,2026-07-05T06:39:16Z,9.65345,76.44439,8.100000000000001,172.1,SLK-0044
259905992,2026-07-05T06:54:16Z,9.6248,76.44746,8.4,175.2,SLK-0044
259905992,2026-07-05T07:09:16Z,9.5864,76.45231,8.700000000000001,176.4,SLK-0044
259905992,2026-07-05T07:24:16Z,9.55499,76.44914,8.0,179.7,SLK-0044
371070164,2026-08-14T10:35:50Z,10.00548,75.53087,17.4,143.5,SLK-0071
371070164,2026-08-14T10:50:50Z,9.94519,75.58071,17.7,138.6,SLK-0071
371070164,2026-08-14T11:05:50Z,9.89329,75.62802,17.3,139.5,SLK-0071
371070164,2026-08-14T11:20:50Z,9.83152,75.6807,17.2,137.3,SLK-0071
371070164,2026-08-14T11:35:50Z,9.77586,75.73199,17.3,144.9,SLK-0071
371070164,2026-08-14T11:50:50Z,9.7215,75.78282,17.9,143.7,SLK-0071
371070164,2026-08-14T12:05:50Z,9.66955,75.83181,16.9,139.8,SLK-0071
371070164,2026-08-14T12:20:50Z,9.6076,75.87414,18.3,141.0,SLK-0071
371070164,2026-08-14T12:35:50Z,9.54983,75.92541,18.4,140.5,SLK-0071
371076789,2026-08-10T04:53:46Z,9.65246,75.87319,12.0,6.5,SLK-0103
371076789,2026-08-10T05:08:46Z,9.70689,75.87976,11.9,9.2,SLK-0103
371076789,2026-08-10T05:23:46Z,9.75226,75.87937,11.6,5.0,SLK-0103
371076789,2026-08-10T05:38:46Z,9.80448,75.88479,12.799999999999999,4.9,SLK-0103
371076789,2026-08-10T05:53:46Z,9.85829,75.89713,12.4,2.4,SLK-0103
371076789,2026-08-10T06:08:46Z,9.90532,75.90194,12.799999999999999,10.8,SLK-0103
371076789,2026-08-10T06:23:46Z,9.95923,75.90828,12.6,10.4,SLK-0103
371076789,2026-08-10T06:38:46Z,10.01105,75.91326,11.799999999999999,9.8,SLK-0103
371076789,2026-08-10T06:53:46Z,10.05939,75.91445,11.6,8.1,SLK-0103
371171467,2026-07-31T13:16:02Z,9.20762,75.34541,16.299999999999997,63.7,SLK-0046
371171467,2026-07-31T13:31:02Z,9.24134,75.41422,15.799999999999999,68.9,SLK-0046
371171467,2026-07-31T13:46:02Z,9.26115,75.47888,16.9,65.5,SLK-0046
371171467,2026-07-31T14:01:02Z,9.29497,75.53808,15.7,65.2,SLK-0046
371171467,2026-07-31T14:16:02Z,9.31984,75.60908,16.7,71.8,SLK-0046
371171467,2026-07-31T14:31:02Z,9.34756,75.6654,16.099999999999998,65.3,SLK-0046
371171467,2026-07-31T14:46:02Z,9.37758,75.727,16.5,66.8,SLK-0046
371262218,2026-06-09T11:51:59Z,9.59078,76.47028,12.0,334.2,SLK-0038
371262218,2026-06-09T12:06:59Z,9.63411,76.44751,13.299999999999999,328.9,SLK-0038
371262218,2026-06-09T12:21:59Z,9.67565,76.42071,11.9,331.8,SLK-0038
371262218,2026-06-09T12:36:59Z,9.7263,76.39827,13.0,333.4,SLK-0038
371262218,2026-06-09T12:51:59Z,9.77481,76.37304,12.299999999999999,331.4,SLK-0038
371262218,2026-06-09T13:06:59Z,9.81747,76.3482,12.299999999999999,325.8,SLK-0038
371262218,2026-06-09T13:21:59Z,9.86739,76.32453,12.6,326.5,SLK-0038
371262218,2026-06-09T13:36:59Z,9.90945,76.29519,12.6,336.9,SLK-0038
371577590,2026-07-10T10:25:19Z,9.41897,76.14365,14.6,303.3,SLK-0037
371577590,2026-07-10T10:40:19Z,9.46214,76.09105,15.2,306.8,SLK-0037
371577590,2026-07-10T10:55:19Z,9.49576,76.03944,15.4,300.6,SLK-0037
371577590,2026-07-10T11:10:19Z,9.52896,75.99217,15.0,301.5,SLK-0037
371577590,2026-07-10T11:25:19Z,9.57359,75.93707,14.299999999999999,311.5,SLK-0037
371577590,2026-07-10T11:40:19Z,9.6041,75.88787,14.5,307.8,SLK-0037
371577590,2026-07-10T11:55:19Z,9.64072,75.83864,14.7,307.9,SLK-0037
371577590,2026-07-10T12:10:19Z,9.67869,75.78136,15.7,302.0,SLK-0037
371578317,2026-08-24T02:39:00Z,9.64675,75.39899,8.7,48.8,SLK-0064
371578317,2026-08-24T02:54:00Z,9.66862,75.41966,7.7,45.8,SLK-0064
371578317,2026-08-24T03:09:00Z,9.69047,75.44468,7.9,49.8,SLK-0064
371578317,2026-08-24T03:24:00Z,9.7162,75.46816,8.4,47.7,SLK-0064
371578317,2026-08-24T03:39:00Z,9.7379,75.49474,7.9,45.9,SLK-0064
371578317,2026-08-24T03:54:00Z,9.76363,75.5268,8.5,51.3,SLK-0064
371578317,2026-08-24T04:09:00Z,9.78069,75.55072,8.5,48.0,SLK-0064
371578317,2026-08-24T04:24:00Z,9.80824,75.5707,7.7,50.7,SLK-0064
371578317,2026-08-24T04:39:00Z,9.82774,75.59718,8.2,45.3,SLK-0064
371628314,2026-08-03T19:39:43Z,10.29536,76.26196,11.799999999999999,71.0,
371628314,2026-08-03T19:59:43Z,10.31733,76.3212,11.0,63.8,
371628314,2026-08-03T20:19:43Z,10.3393,76.38044,12.2,68.3,
371628314,2026-08-03T20:39:43Z,10.36127,76.43968,10.299999999999999,71.0,
371628314,2026-08-03T20:59:43Z,10.38324,76.49892,10.399999999999999,63.3,
371628314,2026-08-03T21:19:43Z,10.40522,76.55816,10.399999999999999,70.1,
371628314,2026-08-03T21:39:43Z,10.42719,76.6174,10.299999999999999,71.6,
371628314,2026-08-03T21:59:43Z,10.44916,76.67664,10.899999999999999,66.7,
371628314,2026-08-03T22:19:43Z,10.47113,76.73588,10.7,75.2,
371628314,2026-08-03T22:39:43Z,10.4931,76.79512,10.7,61.5,
371628314,2026-08-03T22:59:43Z,10.51507,76.85436,11.0,76.8,
371639208,2026-08-25T08:59:20Z,9.83223,75.60021,13.6,139.5,SLK-0062
371639208,2026-08-25T09:14:20Z,9.7832,75.64137,13.4,136.9,SLK-0062
371639208,2026-08-25T09:29:20Z,9.74219,75.67887,13.1,138.9,SLK-0062
371639208,2026-08-25T09:44:20Z,9.69673,75.71546,13.299999999999999,137.9,SLK-0062
371639208,2026-08-25T09:59:20Z,9.65373,75.74569,14.0,140.1,SLK-0062
371639208,2026-08-25T10:14:20Z,9.60896,75.78163,13.7,147.5,SLK-0062
371679121,2026-07-27T20:39:18Z,9.59313,75.95884,10.8,102.4,
371679121,2026-07-27T20:59:18Z,9.58308,76.0189,10.0,92.6,
371679121,2026-07-27T21:19:18Z,9.57303,76.07896,11.3,91.8,
371679121,2026-07-27T21:39:18Z,9.56297,76.13901,11.0,107.4,
371679121,2026-07-27T21:59:18Z,9.55292,76.19907,10.0,100.0,
371679121,2026-07-27T22:19:18Z,9.54287,76.25913,9.8,101.3,
371679121,2026-07-27T22:39:18Z,9.53282,76.31919,11.8,103.8,
371711671,2026-06-10T19:23:00Z,9.37097,76.2066,5.4,345.2,SLK-0011
371711671,2026-06-10T19:38:00Z,9.39263,76.19727,5.1000000000000005,341.0,SLK-0011
371711671,2026-06-10T19:53:00Z,9.41957,76.19503,4.9,343.1,SLK-0011
371711671,2026-06-10T20:08:00Z,9.43765,76.18562,5.9,338.2,SLK-0011
371711671,2026-06-10T20:23:00Z,9.45426,76.17792,4.7,337.8,SLK-0011
371711671,2026-06-10T20:38:00Z,9.47349,76.16443,5.1000000000000005,342.8,SLK-0011
371769735,2026-08-29T17:41:39Z,9.4904,75.90977,5.199999999999999,12.3,SLK-0061
371769735,2026-08-29T17:56:39Z,9.51759,75.91006,5.3999999999999995,10.3,SLK-0061
371769735,2026-08-29T18:11:39Z,9.53961,75.91262,5.3,8.6,SLK-0061
371769735,2026-08-29T18:26:39Z,9.56311,75.91746,5.699999999999999,6.0,SLK-0061
371769735,2026-08-29T18:41:39Z,9.58177,75.92027,5.699999999999999,6.0,SLK-0061
371778485,2026-08-05T10:23:33Z,9.34424,76.05236,16.1,356.2,SLK-0092
371778485,2026-08-05T10:38:33Z,9.40861,76.05076,16.900000000000002,354.3,SLK-0092
371778485,2026-08-05T10:53:33Z,9.48322,76.04608,15.700000000000001,359.2,SLK-0092
371778485,2026-08-05T11:08:33Z,9.54891,76.03824,16.6,358.6,SLK-0092
371778485,2026-08-05T11:23:33Z,9.61876,76.03885,16.3,0.9,SLK-0092
371795137,2026-07-14T14:07:23Z,9.39035,76.47022,6.8999999999999995,27.9,SLK-0085
371795137,2026-07-14T14:22:23Z,9.41292,76.48058,7.1,28.2,SLK-0085
371795137,2026-07-14T14:37:23Z,9.43123,76.4935,6.2,29.4,SLK-0085
371795137,2026-07-14T14:52:23Z,9.45609,76.50305,6.8999999999999995,24.5,SLK-0085
371795137,2026-07-14T15:07:23Z,9.48592,76.52125,6.2,25.8,SLK-0085
371932149,2026-06-15T12:43:02Z,9.91832,76.3602,4.2,326.3,SLK-0076
371932149,2026-06-15T12:58:02Z,9.9398,76.35293,5.0,326.6,SLK-0076
371932149,2026-06-15T13:13:02Z,9.95309,76.34138,5.0,327.2,SLK-0076
371932149,2026-06-15T13:28:02Z,9.9714,76.33157,5.1000000000000005,324.8,SLK-0076
371932149,2026-06-15T13:43:02Z,9.98348,76.3186,5.4,324.8,SLK-0076
371932149,2026-06-15T13:58:02Z,10.00281,76.30595,5.0,324.8,SLK-0076
371932149,2026-06-15T14:13:02Z,10.01667,76.28997,5.3,326.6,SLK-0076
371932149,2026-06-15T14:28:02Z,10.03957,76.28029,5.0,327.2,SLK-0076
412052330,2026-06-30T00:57:27Z,10.22316,76.33724,16.5,314.0,
412052330,2026-06-30T01:17:27Z,10.27917,76.26553,17.2,309.2,
412052330,2026-06-30T01:37:27Z,10.33519,76.19382,15.899999999999999,311.3,
412052330,2026-06-30T01:57:27Z,10.3912,76.12212,17.2,312.6,
412052330,2026-06-30T02:17:27Z,10.44721,76.05041,16.0,308.9,
412052330,2026-06-30T02:37:27Z,10.50323,75.9787,15.799999999999999,311.6,
412052330,2026-06-30T02:57:27Z,10.55924,75.90699,15.6,314.1,
412052330,2026-06-30T03:17:27Z,10.61525,75.83529,16.0,302.5,
412052330,2026-06-30T03:37:27Z,10.67127,75.76358,16.7,309.7,
412052330,2026-06-30T03:57:27Z,10.72728,75.69187,16.8,314.0,
412052330,2026-06-30T04:17:27Z,10.78329,75.62016,16.599999999999998,307.8,
412052330,2026-06-30T04:37:27Z,10.83931,75.54846,15.5,302.6,
412112849,2026-08-24T00:31:27Z,10.12134,76.06514,15.9,192.1,
412112849,2026-08-24T00:51:27Z,10.03492,76.04899,16.6,185.2,
412112849,2026-08-24T01:11:27Z,9.9485,76.03283,16.7,188.7,
412112849,2026-08-24T01:31:27Z,9.86207,76.01668,15.5,194.3,
412112849,2026-08-24T01:51:27Z,9.77565,76.00053,16.7,190.9,
412112849,2026-08-24T02:11:27Z,9.68923,75.98438,16.0,196.0,
412112849,2026-08-24T02:31:27Z,9.60281,75.96822,15.8,184.5,
412112849,2026-08-24T02:51:27Z,9.51639,75.95207,14.8,190.6,
412231203,2026-06-29T21:29:11Z,9.86614,75.84466,4.5,176.1,SLK-0034
412231203,2026-06-29T21:44:11Z,9.84784,75.85084,4.3999999999999995,174.8,SLK-0034
412231203,2026-06-29T21:59:11Z,9.83732,75.84893,4.8,175.9,SLK-0034
412231203,2026-06-29T22:14:11Z,9.81328,75.85466,3.6999999999999997,173.9,SLK-0034
412231203,2026-06-29T22:29:11Z,9.80177,75.85058,4.8,175.1,SLK-0034
412231203,2026-06-29T22:44:11Z,9.7792,75.85808,3.8,179.6,SLK-0034
412231203,2026-06-29T22:59:11Z,9.76052,75.86235,4.3,170.0,SLK-0034
412231203,2026-06-29T23:14:11Z,9.74672,75.85753,4.1,177.3,SLK-0034
412231203,2026-06-29T23:29:11Z,9.73264,75.8559,4.699999999999999,177.4,SLK-0034
412277689,2026-06-02T22:09:47Z,10.03493,76.32231,16.900000000000002,300.7,
412277689,2026-06-02T22:29:47Z,10.07521,76.23482,17.6,301.8,
412277689,2026-06-02T22:49:47Z,10.11549,76.14733,17.3,289.5,
412277689,2026-06-02T23:09:47Z,10.15577,76.05984,17.6,291.2,
412277689,2026-06-02T23:29:47Z,10.19604,75.97235,17.0,294.3,
412277689,2026-06-02T23:49:47Z,10.23632,75.88486,16.900000000000002,296.8,
412277689,2026-06-03T00:09:47Z,10.2766,75.79737,16.200000000000003,289.2,
412277689,2026-06-03T00:29:47Z,10.31688,75.70988,17.0,289.5,
412277689,2026-06-03T00:49:47Z,10.35716,75.62239,16.5,287.3,
412277689,2026-06-03T01:09:47Z,10.39744,75.5349,17.1,298.7,
412277689,2026-06-03T01:29:47Z,10.43771,75.44741,17.1,301.9,
412277689,2026-06-03T01:49:47Z,10.47799,75.35991,18.0,302.6,
412284987,2026-06-10T19:08:00Z,9.48802,75.6539,17.0,89.7,SLK-0011
412284987,2026-06-10T19:23:00Z,9.48501,75.72404,17.700000000000003,84.6,SLK-0011
412284987,2026-06-10T19:38:00Z,9.48536,75.80402,16.8,92.9,SLK-0011
412284987,2026-06-10T19:53:00Z,9.49227,75.87109,16.3,93.8,SLK-0011
412284987,2026-06-10T20:08:00Z,9.48813,75.94782,17.1,91.5,SLK-0011
412284987,2026-06-10T20:23:00Z,9.4962,76.01937,17.1,91.9,SLK-0011
412284987,2026-06-10T20:38:00Z,9.49224,76.08742,17.400000000000002,86.1,SLK-0011
412321234,2026-08-20T08:40:09Z,10.3812,75.36989,16.900000000000002,132.2,SLK-0095
412321234,2026-08-20T08:55:09Z,10.33266,75.4185,17.3,133.3,SLK-0095
412321234,2026-08-20T09:10:09Z,10.27697,75.47542,17.900000000000002,129.3,SLK-0095
412321234,2026-08-20T09:25:09Z,10.23035,75.52887,16.6,139.9,SLK-0095
412321234,2026-08-20T09:40:09Z,10.17874,75.57532,17.1,136.6,SLK-0095
412321234,2026-08-20T09:55:09Z,10.1281,75.63374,17.6,135.3,SLK-0095
412321234,2026-08-20T10:10:09Z,10.07252,75.68104,16.5,140.4,SLK-0095
412372395,2026-06-08T21:20:24Z,10.56479,76.18006,17.1,168.6,SLK-0078
412372395,2026-06-08T21:35:24Z,10.4964,76.18846,17.0,175.0,SLK-0078
412372395,2026-06-08T21:50:24Z,10.42355,76.19815,17.3,176.9,SLK-0078
412372395,2026-06-08T22:05:24Z,10.34935,76.21119,17.1,175.6,SLK-0078
412372395,2026-06-08T22:20:24Z,10.28312,76.22328,16.900000000000002,168.7,SLK-0078
412372395,2026-06-08T22:35:24Z,10.21367,76.2302,17.400000000000002,171.0,SLK-0078
412372395,2026-06-08T22:50:24Z,10.14104,76.24095,17.6,174.7,SLK-0078
412372395,2026-06-08T23:05:24Z,10.06813,76.25619,18.1,169.2,SLK-0078
412372395,2026-06-08T23:20:24Z,9.99168,76.26038,16.6,170.4,SLK-0078
412412203,2026-08-10T05:38:46Z,10.02412,75.60338,13.6,71.6,SLK-0103
412412203,2026-08-10T05:53:46Z,10.03661,75.65544,13.1,69.6,SLK-0103
412412203,2026-08-10T06:08:46Z,10.04911,75.70602,13.4,80.9,SLK-0103
412412203,2026-08-10T06:23:46Z,10.06601,75.76679,13.2,71.7,SLK-0103
412412203,2026-08-10T06:38:46Z,10.08083,75.82022,12.4,69.4,SLK-0103
412412203,2026-08-10T06:53:46Z,10.09529,75.87271,13.9,79.5,SLK-0103
412479695,2026-08-05T09:53:33Z,9.55338,76.36975,13.0,290.4,SLK-0092
412479695,2026-08-05T10:08:33Z,9.56874,76.31985,11.799999999999999,289.2,SLK-0092
412479695,2026-08-05T10:23:33Z,9.58763,76.27624,12.799999999999999,286.8,SLK-0092
412479695,2026-08-05T10:38:33Z,9.60708,76.22669,11.5,293.3,SLK-0092
412479695,2026-08-05T10:53:33Z,9.6282,76.1784,12.1,285.7,SLK-0092
412479695,2026-08-05T11:08:33Z,9.64728,76.12543,11.899999999999999,292.3,SLK-0092
412479695,2026-08-05T11:23:33Z,9.6644,76.07813,12.2,293.7,SLK-0092
412497677,2026-07-13T21:16:39Z,9.11802,75.96643,11.2,351.4,SLK-0108
412497677,2026-07-13T21:31:39Z,9.17206,75.95854,11.899999999999999,349.7,SLK-0108
412497677,2026-07-13T21:46:39Z,9.21248,75.94661,11.299999999999999,343.0,SLK-0108
412497677,2026-07-13T22:01:39Z,9.25571,75.93966,12.0,346.1,SLK-0108
412497677,2026-07-13T22:16:39Z,9.30481,75.93441,10.6,349.6,SLK-0108
412497677,2026-07-13T22:31:39Z,9.34622,75.92599,11.799999999999999,345.1,SLK-0108
412497677,2026-07-13T22:46:39Z,9.3997,75.91248,10.6,346.7,SLK-0108
412497677,2026-07-13T23:01:39Z,9.44599,75.90232,11.299999999999999,349.3,SLK-0108
412497677,2026-07-13T23:16:39Z,9.49207,75.8965,11.2,351.1,SLK-0108
412528168,2026-08-04T04:04:00Z,9.65274,75.74816,5.9,82.0,SLK-0021
412528168,2026-08-04T04:19:00Z,9.66078,75.77024,6.2,86.1,SLK-0021
412528168,2026-08-04T04:34:00Z,9.66319,75.79564,5.300000000000001,77.7,SLK-0021
412528168,2026-08-04T04:49:00Z,9.66755,75.82061,6.5,84.2,SLK-0021
412528168,2026-08-04T05:04:00Z,9.66467,75.8427,6.300000000000001,87.2,SLK-0021
412575692,2026-07-15T00:14:05Z,10.41072,76.09226,14.0,112.3,SLK-0036
412575692,2026-07-15T00:29:05Z,10.3838,76.14307,15.0,111.3,SLK-0036
412575692,2026-07-15T00:44:05Z,10.36081,76.19619,14.700000000000001,109.2,SLK-0036
412575692,2026-07-15T00:59:05Z,10.333,76.2588,13.8,118.5,SLK-0036
412575692,2026-07-15T01:14:05Z,10.30894,76.30504,14.9,118.4,SLK-0036
412575692,2026-07-15T01:29:05Z,10.28225,76.36072,14.0,111.9,SLK-0036
412575692,2026-07-15T01:44:05Z,10.25196,76.41854,14.100000000000001,114.3,SLK-0036
412575692,2026-07-15T01:59:05Z,10.23129,76.4751,14.4,120.0,SLK-0036
412641605,2026-07-13T01:26:43Z,9.44127,75.72436,10.1,129.0,SLK-0020
412641605,2026-07-13T01:41:43Z,9.41471,75.75445,9.799999999999999,126.3,SLK-0020
412641605,2026-07-13T01:56:43Z,9.38948,75.78477,10.1,135.1,SLK-0020
412641605,2026-07-13T02:11:43Z,9.36064,75.82347,10.6,134.0,SLK-0020
412641605,2026-07-13T02:26:43Z,9.33228,75.85024,9.6,131.5,SLK-0020
412676527,2026-07-09T13:57:33Z,10.25254,76.17902,17.2,156.9,SLK-0024
412676527,2026-07-09T14:12:33Z,10.18247,76.21384,17.799999999999997,157.3,SLK-0024
412676527,2026-07-09T14:27:33Z,10.11524,76.24024,18.5,153.2,SLK-0024
412676527,2026-07-09T14:42:33Z,10.05403,76.27456,18.7,160.4,SLK-0024
412676527,2026-07-09T14:57:33Z,9.97712,76.3102,17.7,158.6,SLK-0024
412676527,2026-07-09T15:12:33Z,9.91548,76.34535,17.299999999999997,156.3,SLK-0024
412688263,2026-06-29T21:44:11Z,9.64025,76.00215,5.3,294.8,SLK-0034
412688263,2026-06-29T21:59:11Z,9.65051,75.9859,4.8,298.3,SLK-0034
412688263,2026-06-29T22:14:11Z,9.66097,75.96452,5.4,292.8,SLK-0034
412688263,2026-06-29T22:29:11Z,9.67103,75.95335,4.1000000000000005,304.6,SLK-0034
412688263,2026-06-29T22:44:11Z,9.67583,75.92869,4.9,295.0,SLK-0034
412688263,2026-06-29T22:59:11Z,9.68957,75.91432,5.1000000000000005,297.2,SLK-0034
412688263,2026-06-29T23:14:11Z,9.69514,75.89492,4.3,298.7,SLK-0034
412688263,2026-06-29T23:29:11Z,9.70415,75.87485,5.5,298.2,SLK-0034
412805891,2026-07-15T00:14:05Z,10.51154,76.78996,12.4,215.8,SLK-0036
412805891,2026-07-15T00:29:05Z,10.46515,76.75606,12.3,221.3,SLK-0036
412805891,2026-07-15T00:44:05Z,10.43334,76.72326,11.700000000000001,220.1,SLK-0036
412805891,2026-07-15T00:59:05Z,10.39555,76.69515,11.3,226.5,SLK-0036
412805891,2026-07-15T01:14:05Z,10.35587,76.6584,12.6,215.6,SLK-0036
412805891,2026-07-15T01:29:05Z,10.32165,76.62995,11.700000000000001,218.7,SLK-0036
412805891,2026-07-15T01:44:05Z,10.28347,76.59507,11.700000000000001,215.7,SLK-0036
412805891,2026-07-15T01:59:05Z,10.24514,76.56158,11.200000000000001,215.1,SLK-0036
412815118,2026-07-22T23:21:33Z,10.22054,76.2863,10.4,180.3,SLK-0119
412815118,2026-07-22T23:36:33Z,10.17438,76.27979,9.8,179.2,SLK-0119
412815118,2026-07-22T23:51:33Z,10.13371,76.27752,10.8,181.8,SLK-0119
412815118,2026-07-23T00:06:33Z,10.08746,76.27528,10.8,184.7,SLK-0119
412815118,2026-07-23T00:21:33Z,10.04346,76.27747,10.1,178.1,SLK-0119
412846081,2026-07-19T06:59:05Z,9.44207,76.46395,5.6,273.5,SLK-0054
412846081,2026-07-19T07:14:05Z,9.43731,76.44126,6.1,269.5,SLK-0054
412846081,2026-07-19T07:29:05Z,9.44146,76.41596,6.3999999999999995,266.8,SLK-0054
412846081,2026-07-19T07:44:05Z,9.4418,76.38646,6.3,273.6,SLK-0054
412846081,2026-07-19T07:59:05Z,9.44232,76.36286,5.6,268.6,SLK-0054
412846081,2026-07-19T08:14:05Z,9.43955,76.33717,6.6,275.7,SLK-0054
412846081,2026-07-19T08:29:05Z,9.43596,76.31009,5.8,274.5,SLK-0054
412870079,2026-07-07T03:26:03Z,9.18757,76.43181,9.8,299.6,SLK-0110
412870079,2026-07-07T03:41:03Z,9.20144,76.40176,8.600000000000001,297.3,SLK-0110
412870079,2026-07-07T03:56:03Z,9.22749,76.37146,9.700000000000001,308.2,SLK-0110
412870079,2026-07-07T04:11:03Z,9.24997,76.33201,9.3,305.8,SLK-0110
412870079,2026-07-07T04:26:03Z,9.27071,76.30609,9.5,308.0,SLK-0110
412870079,2026-07-07T04:41:03Z,9.28963,76.26611,9.600000000000001,300.1,SLK-0110
412870079,2026-07-07T04:56:03Z,9.30534,76.23971,9.0,307.2,SLK-0110
412909670,2026-07-02T20:13:46Z,10.23376,76.68892,15.2,263.1,SLK-0009
412909670,2026-07-02T20:28:46Z,10.22946,76.63005,15.6,268.6,SLK-0009
412909670,2026-07-02T20:43:46Z,10.22585,76.56775,15.299999999999999,269.4,SLK-0009
412909670,2026-07-02T20:58:46Z,10.21646,76.50046,14.5,263.6,SLK-0009
412909670,2026-07-02T21:13:46Z,10.2131,76.43153,14.799999999999999,262.4,SLK-0009
412909670,2026-07-02T21:28:46Z,10.20287,76.36896,15.799999999999999,261.8,SLK-0009
412927868,2026-06-08T21:50:24Z,9.97322,76.68865,13.8,268.9,SLK-0078
412927868,2026-06-08T22:05:24Z,9.96781,76.63138,13.4,262.9,SLK-0078
412927868,2026-06-08T22:20:24Z,9.96205,76.56689,14.4,268.9,SLK-0078
412927868,2026-06-08T22:35:24Z,9.95799,76.5144,13.9,258.1,SLK-0078
412927868,2026-06-08T22:50:24Z,9.95007,76.44864,14.0,266.0,SLK-0078
412927868,2026-06-08T23:05:24Z,9.94379,76.38968,14.2,266.7,SLK-0078
412927868,2026-06-08T23:20:24Z,9.93032,76.33057,13.7,266.5,SLK-0078
412946119,2026-08-30T07:05:46Z,10.07669,75.92717,16.3,48.3,
412946119,2026-08-30T07:25:46Z,10.13397,75.99999,17.5,56.4,
412946119,2026-08-30T07:45:46Z,10.19125,76.0728,15.5,44.5,
412946119,2026-08-30T08:05:46Z,10.24853,76.14562,16.9,51.8,
412946119,2026-08-30T08:25:46Z,10.30581,76.21844,16.8,55.1,
412946119,2026-08-30T08:45:46Z,10.36309,76.29125,15.8,49.4,
412946119,2026-08-30T09:05:46Z,10.42037,76.36407,16.9,46.5,
412946119,2026-08-30T09:25:46Z,10.47765,76.43689,15.9,58.6,
412946119,2026-08-30T09:45:46Z,10.53493,76.50971,16.4,56.4,
412946119,2026-08-30T10:05:46Z,10.59221,76.58252,15.9,44.3,
412946119,2026-08-30T10:25:46Z,10.64949,76.65534,15.9,55.5,
419148706,2026-08-06T12:26:58Z,9.97703,76.48582,13.8,52.3,
419148706,2026-08-06T12:46:58Z,10.02435,76.54132,12.8,51.0,
419148706,2026-08-06T13:06:58Z,10.07168,76.59682,13.8,53.0,
419148706,2026-08-06T13:26:58Z,10.119,76.65232,13.4,52.4,
419148706,2026-08-06T13:46:58Z,10.16633,76.70782,13.5,45.0,
419148706,2026-08-06T14:06:58Z,10.21365,76.76332,13.5,56.3,
419148706,2026-08-06T14:26:58Z,10.26098,76.81882,13.6,55.2,
419148706,2026-08-06T14:46:58Z,10.3083,76.87432,13.1,50.9,
419148706,2026-08-06T15:06:58Z,10.35563,76.92982,13.2,56.5,
419148706,2026-08-06T15:26:58Z,10.40295,76.98532,13.3,55.2,
419148706,2026-08-06T15:46:58Z,10.45027,77.04081,13.0,44.7,
419164005,2026-08-06T13:32:39Z,10.1569,76.36221,5.199999999999999,359.3,SLK-0007
419164005,2026-08-06T13:47:39Z,10.17396,76.35826,5.699999999999999,7.0,SLK-0007
419164005,2026-08-06T14:02:39Z,10.20252,76.36548,4.6,0.5,SLK-0007
419164005,2026-08-06T14:17:39Z,10.21618,76.3656,5.699999999999999,2.4,SLK-0007
419164005,2026-08-06T14:32:39Z,10.24259,76.36066,5.8,7.9,SLK-0007
419164005,2026-08-06T14:47:39Z,10.26738,76.36853,5.699999999999999,357.8,SLK-0007
419204179,2026-08-27T16:15:35Z,9.84792,75.56856,15.700000000000001,78.2,SLK-0081
419204179,2026-08-27T16:30:35Z,9.85749,75.63073,15.4,77.3,SLK-0081
419204179,2026-08-27T16:45:35Z,9.87766,75.68971,14.600000000000001,75.5,SLK-0081
419204179,2026-08-27T17:00:35Z,9.88038,75.754,15.700000000000001,75.4,SLK-0081
419204179,2026-08-27T17:15:35Z,9.89518,75.8166,14.9,80.4,SLK-0081
419204179,2026-08-27T17:30:35Z,9.90455,75.88655,15.5,77.9,SLK-0081
419204179,2026-08-27T17:45:35Z,9.91652,75.95112,14.600000000000001,73.5,SLK-0081
419204179,2026-08-27T18:00:35Z,9.93594,76.01308,15.4,76.8,SLK-0081
419249685,2026-08-09T23:10:26Z,10.02131,75.7876,9.100000000000001,106.9,SLK-0114
419249685,2026-08-09T23:25:26Z,10.00075,75.82537,8.9,105.8,SLK-0114
419249685,2026-08-09T23:40:26Z,9.98859,75.8617,9.0,107.5,SLK-0114
419249685,2026-08-09T23:55:26Z,9.97261,75.88859,8.8,113.4,SLK-0114
419249685,2026-08-10T00:10:26Z,9.96337,75.92838,9.4,111.9,SLK-0114
419249685,2026-08-10T00:25:26Z,9.94882,75.95922,8.5,106.4,SLK-0114
419249685,2026-08-10T00:40:26Z,9.941,76.00009,8.8,116.2,SLK-0114
419340848,2026-07-05T04:29:32Z,9.74492,76.14822,13.4,245.6,
419340848,2026-07-05T04:49:32Z,9.71991,76.07759,12.5,255.4,
419340848,2026-07-05T05:09:32Z,9.6949,76.00696,12.8,245.2,
419340848,2026-07-05T05:29:32Z,9.66989,75.93633,12.9,255.6,
419340848,2026-07-05T05:49:32Z,9.64487,75.8657,14.200000000000001,251.9,
419340848,2026-07-05T06:09:32Z,9.61986,75.79507,12.700000000000001,248.0,
419340848,2026-07-05T06:29:32Z,9.59485,75.72443,12.600000000000001,252.2,
419340848,2026-07-05T06:49:32Z,9.56984,75.6538,12.4,246.3,
419340848,2026-07-05T07:09:32Z,9.54483,75.58317,13.100000000000001,256.7,
419340848,2026-07-05T07:29:32Z,9.51982,75.51254,13.100000000000001,243.6,
419490278,2026-08-31T04:14:05Z,10.0038,76.20126,8.4,31.8,SLK-0012
419490278,2026-08-31T04:29:05Z,10.03674,76.2273,8.700000000000001,36.0,SLK-0012
419490278,2026-08-31T04:44:05Z,10.06334,76.24202,8.5,28.2,SLK-0012
419490278,2026-08-31T04:59:05Z,10.10188,76.27025,9.4,26.9,SLK-0012
419490278,2026-08-31T05:14:05Z,10.13404,76.28668,8.200000000000001,33.1,SLK-0012
419490278,2026-08-31T05:29:05Z,10.16276,76.3075,8.8,27.5,SLK-0012
419490278,2026-08-31T05:44:05Z,10.19039,76.32429,8.6,37.4,SLK-0012
419512382,2026-07-15T00:14:05Z,10.0291,76.11812,12.7,68.2,SLK-0036
419512382,2026-07-15T00:29:05Z,10.05412,76.17056,12.7,70.1,SLK-0036
419512382,2026-07-15T00:44:05Z,10.07974,76.21568,12.6,71.6,SLK-0036
419512382,2026-07-15T00:59:05Z,10.09495,76.26984,13.1,64.2,SLK-0036
419512382,2026-07-15T01:14:05Z,10.12313,76.3234,13.399999999999999,68.3,SLK-0036
419512382,2026-07-15T01:29:05Z,10.14205,76.37552,13.0,71.2,SLK-0036
419512382,2026-07-15T01:44:05Z,10.16353,76.42933,13.5,64.7,SLK-0036
419512382,2026-07-15T01:59:05Z,10.18493,76.47357,12.6,62.5,SLK-0036
419608835,2026-08-06T13:02:39Z,9.98239,76.58989,11.2,320.3,SLK-0007
419608835,2026-08-06T13:17:39Z,10.02324,76.55906,11.5,320.1,SLK-0007
419608835,2026-08-06T13:32:39Z,10.05975,76.53169,11.6,321.7,SLK-0007
419608835,2026-08-06T13:47:39Z,10.09362,76.50784,11.299999999999999,321.9,SLK-0007
419608835,2026-08-06T14:02:39Z,10.13341,76.47909,11.1,327.5,SLK-0007
419608835,2026-08-06T14:17:39Z,10.17605,76.45204,11.4,321.4,SLK-0007
419608835,2026-08-06T14:32:39Z,10.21056,76.42323,10.4,329.4,SLK-0007
419608835,2026-08-06T14:47:39Z,10.24373,76.39249,11.6,319.8,SLK-0007
419932480,2026-08-31T04:29:05Z,10.35995,76.31645,5.6,163.4,SLK-0012
419932480,2026-08-31T04:44:05Z,10.34064,76.32478,5.199999999999999,166.7,SLK-0012
419932480,2026-08-31T04:59:05Z,10.31345,76.32989,5.6,170.7,SLK-0012
419932480,2026-08-31T05:14:05Z,10.29558,76.32912,6.1,165.1,SLK-0012
419932480,2026-08-31T05:29:05Z,10.27361,76.33713,6.1,163.5,SLK-0012
419932480,2026-08-31T05:44:05Z,10.24457,76.34362,6.3999999999999995,166.0,SLK-0012
419958498,2026-07-10T11:10:19Z,9.49138,75.8033,11.1,337.6,SLK-0037
419958498,2026-07-10T11:25:19Z,9.53744,75.78839,11.5,338.5,SLK-0037
419958498,2026-07-10T11:40:19Z,9.58077,75.77109,10.799999999999999,347.0,SLK-0037
419958498,2026-07-10T11:55:19Z,9.62788,75.75532,11.399999999999999,344.4,SLK-0037
419958498,2026-07-10T12:10:19Z,9.67235,75.74069,11.7,346.1,SLK-0037
441028140,2026-06-15T15:35:43Z,9.78051,75.82644,7.699999999999999,212.2,SLK-0086
441028140,2026-06-15T15:50:43Z,9.76249,75.82032,6.8999999999999995,209.9,SLK-0086
441028140,2026-06-15T16:05:43Z,9.7333,75.80065,6.3999999999999995,212.0,SLK-0086
441028140,2026-06-15T16:20:43Z,9.70561,75.78766,7.0,208.7,SLK-0086
441028140,2026-06-15T16:35:43Z,9.67612,75.76891,6.8,209.4,SLK-0086
441028140,2026-06-15T16:50:43Z,9.65597,75.75259,7.699999999999999,212.9,SLK-0086
441028140,2026-06-15T17:05:43Z,9.62887,75.73982,6.6,212.8,SLK-0086
441033521,2026-08-14T11:35:50Z,9.27711,76.21927,15.2,312.4,SLK-0071
441033521,2026-08-14T11:50:50Z,9.32088,76.17049,15.0,313.3,SLK-0071
441033521,2026-08-14T12:05:50Z,9.36895,76.12044,15.7,318.7,SLK-0071
441033521,2026-08-14T12:20:50Z,9.41229,76.0735,15.3,317.6,SLK-0071
441033521,2026-08-14T12:35:50Z,9.45449,76.02124,14.8,309.2,SLK-0071
441095214,2026-07-31T16:53:03Z,10.48546,75.88595,7.8,184.3,SLK-0015
441095214,2026-07-31T17:08:03Z,10.45782,75.88072,7.2,186.2,SLK-0015
441095214,2026-07-31T17:23:03Z,10.41923,75.88663,8.4,183.3,SLK-0015
441095214,2026-07-31T17:38:03Z,10.39509,75.88626,8.3,179.0,SLK-0015
441095214,2026-07-31T17:53:03Z,10.36066,75.87635,7.8999999999999995,180.1,SLK-0015
441095214,2026-07-31T18:08:03Z,10.32695,75.88257,7.8999999999999995,184.5,SLK-0015
441174654,2026-08-17T14:36:42Z,9.30058,75.70887,7.2,342.7,SLK-0079
441174654,2026-08-17T14:51:42Z,9.33722,75.6912,7.8,343.2,SLK-0079
441174654,2026-08-17T15:06:42Z,9.36778,75.68221,7.6000000000000005,341.1,SLK-0079
441174654,2026-08-17T15:21:42Z,9.39287,75.67288,8.1,347.3,SLK-0079
441174654,2026-08-17T15:36:42Z,9.42358,75.66819,7.9,338.0,SLK-0079
441174654,2026-08-17T15:51:42Z,9.45465,75.65815,7.1000000000000005,342.0,SLK-0079
441174654,2026-08-17T16:06:42Z,9.48906,75.64531,8.0,347.3,SLK-0079
441174654,2026-08-17T16:21:42Z,9.5208,75.64035,8.1,347.8,SLK-0079
441178333,2026-08-09T11:51:13Z,9.47043,76.497,6.8,258.8,
441178333,2026-08-09T12:11:13Z,9.45752,76.45679,8.3,256.2,
441178333,2026-08-09T12:31:13Z,9.44461,76.41658,6.9,248.1,
441178333,2026-08-09T12:51:13Z,9.43169,76.37637,7.5,258.3,
441178333,2026-08-09T13:11:13Z,9.41878,76.33616,6.7,246.1,
441178333,2026-08-09T13:31:13Z,9.40587,76.29595,7.6,255.6,
441189241,2026-08-14T21:30:25Z,9.89987,76.53235,14.8,245.5,
441189241,2026-08-14T21:50:25Z,9.87134,76.44977,16.0,253.7,
441189241,2026-08-14T22:10:25Z,9.84281,76.3672,16.5,253.3,
441189241,2026-08-14T22:30:25Z,9.81428,76.28462,14.6,243.0,
441189241,2026-08-14T22:50:25Z,9.78575,76.20205,16.3,249.9,
441189241,2026-08-14T23:10:25Z,9.75722,76.11947,15.5,254.5,
441189241,2026-08-14T23:30:25Z,9.72869,76.03689,15.5,253.9,
441189241,2026-08-14T23:50:25Z,9.70016,75.95432,14.5,243.0,
441189241,2026-08-15T00:10:25Z,9.67164,75.87174,16.0,244.7,
441189241,2026-08-15T00:30:25Z,9.64311,75.78917,15.0,249.5,
441189241,2026-08-15T00:50:25Z,9.61458,75.70659,15.0,243.9,
441300244,2026-07-24T09:04:24Z,10.23315,75.7215,13.6,182.7,SLK-0087
441300244,2026-07-24T09:19:24Z,10.1822,75.72041,13.6,176.3,SLK-0087
441300244,2026-07-24T09:34:24Z,10.12214,75.72658,14.4,180.9,SLK-0087
441300244,2026-07-24T09:49:24Z,10.06663,75.72999,12.799999999999999,174.2,SLK-0087
441300244,2026-07-24T10:04:24Z,10.01207,75.72705,13.5,179.4,SLK-0087
441300244,2026-07-24T10:19:24Z,9.95317,75.72905,13.4,178.7,SLK-0087
441359710,2026-08-24T11:14:10Z,9.85875,76.03952,8.8,71.1,SLK-0097
441359710,2026-08-24T11:29:10Z,9.86394,76.078,10.1,82.4,SLK-0097
441359710,2026-08-24T11:44:10Z,9.87923,76.12401,9.6,79.4,SLK-0097
441359710,2026-08-24T11:59:10Z,9.87951,76.15556,9.6,74.0,SLK-0097
441359710,2026-08-24T12:14:10Z,9.89222,76.19542,10.1,77.1,SLK-0097
441359710,2026-08-24T12:29:10Z,9.9033,76.23301,9.4,81.6,SLK-0097
441359710,2026-08-24T12:44:10Z,9.9155,76.27041,9.1,76.8,SLK-0097
441359710,2026-08-24T12:59:10Z,9.91736,76.30895,8.700000000000001,71.9,SLK-0097
441359893,2026-07-19T06:44:05Z,9.26367,75.94254,10.799999999999999,58.5,SLK-0054
441359893,2026-07-19T06:59:05Z,9.29324,75.98184,11.1,67.8,SLK-0054
441359893,2026-07-19T07:14:05Z,9.30671,76.0331,11.399999999999999,65.9,SLK-0054
441359893,2026-07-19T07:29:05Z,9.33409,76.07428,10.899999999999999,66.0,SLK-0054
441359893,2026-07-19T07:44:05Z,9.35486,76.10861,11.5,62.9,SLK-0054
441359893,2026-07-19T07:59:05Z,9.38045,76.15512,11.7,58.5,SLK-0054
441359893,2026-07-19T08:14:05Z,9.39783,76.19598,11.0,67.2,SLK-0054
441359893,2026-07-19T08:29:05Z,9.42056,76.23729,10.899999999999999,68.0,SLK-0054
441394731,2026-07-19T01:37:36Z,9.15946,76.07092,17.5,345.9,SLK-0025
441394731,2026-07-19T01:52:36Z,9.22665,76.05727,18.1,344.4,SLK-0025
441394731,2026-07-19T02:07:36Z,9.30139,76.03718,18.6,351.8,SLK-0025
441394731,2026-07-19T02:22:36Z,9.37286,76.02463,17.6,349.2,SLK-0025
441394731,2026-07-19T02:37:36Z,9.44787,76.01427,17.2,352.9,SLK-0025
441394731,2026-07-19T02:52:36Z,9.51657,75.99318,18.1,348.1,SLK-0025
441394731,2026-07-19T03:07:36Z,9.59273,75.97805,17.900000000000002,343.8,SLK-0025
441423330,2026-08-23T08:17:19Z,9.66223,76.41333,16.8,44.4,
441423330,2026-08-23T08:37:19Z,9.73803,76.47065,17.4,31.4,
441423330,2026-08-23T08:57:19Z,9.81384,76.52797,16.1,34.4,
441423330,2026-08-23T09:17:19Z,9.88964,76.58528,16.9,43.8,
441423330,2026-08-23T09:37:19Z,9.96545,76.6426,16.2,36.9,
441423330,2026-08-23T09:57:19Z,10.04125,76.69992,16.7,35.6,
441423330,2026-08-23T10:17:19Z,10.11705,76.75724,16.3,40.3,
441452380,2026-06-15T16:05:43Z,9.37129,75.76176,11.5,346.9,SLK-0086
441452380,2026-06-15T16:20:43Z,9.41406,75.75344,10.7,354.0,SLK-0086
441452380,2026-06-15T16:35:43Z,9.46664,75.74608,11.8,350.9,SLK-0086
441452380,2026-06-15T16:50:43Z,9.50718,75.74474,12.3,352.1,SLK-0086
441452380,2026-06-15T17:05:43Z,9.55315,75.73348,12.2,350.5,SLK-0086
441759655,2026-07-06T01:40:54Z,9.98186,75.92592,9.200000000000001,115.3,
441759655,2026-07-06T02:00:54Z,9.96103,75.97461,10.4,119.4,
441759655,2026-07-06T02:20:54Z,9.9402,76.02329,10.0,105.5,
441759655,2026-07-06T02:40:54Z,9.91937,76.07198,10.1,111.9,
441759655,2026-07-06T03:00:54Z,9.89854,76.12067,10.1,120.3,
441759655,2026-07-06T03:20:54Z,9.87771,76.16935,8.5,107.4,
441759655,2026-07-06T03:40:54Z,9.85688,76.21804,9.5,120.7,
441759655,2026-07-06T04:00:54Z,9.83605,76.26673,9.9,109.5,
441759655,2026-07-06T04:20:54Z,9.81522,76.31541,9.3,116.5,
441759655,2026-07-06T04:40:54Z,9.79439,76.3641,10.1,113.7,
441759655,2026-07-06T05:00:54Z,9.77356,76.41279,9.700000000000001,105.5,
441816184,2026-07-07T13:17:05Z,10.22733,75.79968,5.199999999999999,258.0,SLK-0001
441816184,2026-07-07T13:32:05Z,10.21799,75.77566,5.1,249.6,SLK-0001
441816184,2026-07-07T13:47:05Z,10.21234,75.75912,4.8999999999999995,255.8,SLK-0001
441816184,2026-07-07T14:02:05Z,10.2041,75.74006,4.699999999999999,250.6,SLK-0001
441816184,2026-07-07T14:17:05Z,10.20261,75.7177,5.3,255.9,SLK-0001
441816184,2026-07-07T14:32:05Z,10.19478,75.69954,5.0,248.3,SLK-0001
441829221,2026-07-19T06:59:05Z,9.06874,76.49878,14.399999999999999,333.4,SLK-0054
441829221,2026-07-19T07:14:05Z,9.1191,76.47004,15.299999999999999,329.9,SLK-0054
441829221,2026-07-19T07:29:05Z,9.17911,76.43816,14.399999999999999,332.6,SLK-0054
441829221,2026-07-19T07:44:05Z,9.22917,76.40352,14.2,332.3,SLK-0054
441829221,2026-07-19T07:59:05Z,9.28345,76.37923,14.1,332.3,SLK-0054
441829221,2026-07-19T08:14:05Z,9.33929,76.34046,14.799999999999999,331.4,SLK-0054
441829221,2026-07-19T08:29:05Z,9.3896,76.31495,14.799999999999999,330.7,SLK-0054
441868633,2026-08-05T17:37:53Z,9.90333,75.97272,12.799999999999999,237.0,SLK-0033
441868633,2026-08-05T17:52:53Z,9.87953,75.9357,12.2,232.2,SLK-0033
441868633,2026-08-05T18:07:53Z,9.8491,75.88732,13.0,241.0,SLK-0033
441868633,2026-08-05T18:22:53Z,9.818,75.84679,12.2,242.7,SLK-0033
441868633,2026-08-05T18:37:53Z,9.79426,75.79757,13.0,241.5,SLK-0033
441885685,2026-06-10T19:23:00Z,9.51461,76.60342,16.900000000000002,268.5,SLK-0011
441885685,2026-06-10T19:38:00Z,9.51707,76.52891,18.1,271.4,SLK-0011
441885685,2026-06-10T19:53:00Z,9.5092,76.45346,17.0,269.9,SLK-0011
441885685,2026-06-10T20:08:00Z,9.50428,76.37722,16.6,264.9,SLK-0011
441885685,2026-06-10T20:23:00Z,9.50922,76.31005,17.7,262.7,SLK-0011
441885685,2026-06-10T20:38:00Z,9.49668,76.23342,17.3,265.5,SLK-0011
441956544,2026-06-08T21:35:24Z,9.87064,76.52816,7.8999999999999995,280.1,SLK-0078
441956544,2026-06-08T21:50:24Z,9.87915,76.4913,7.6,278.1,SLK-0078
441956544,2026-06-08T22:05:24Z,9.87946,76.46746,7.199999999999999,284.0,SLK-0078
441956544,2026-06-08T22:20:24Z,9.88836,76.43078,8.0,283.9,SLK-0078
441956544,2026-06-08T22:35:24Z,9.90163,76.4042,7.8999999999999995,281.0,SLK-0078
441956544,2026-06-08T22:50:24Z,9.90121,76.37322,7.199999999999999,278.8,SLK-0078
441956544,2026-06-08T23:05:24Z,9.91164,76.33432,8.4,288.2,SLK-0078
441956544,2026-06-08T23:20:24Z,9.91925,76.3108,8.1,285.6,SLK-0078
441970509,2026-08-10T03:23:32Z,9.76035,75.88343,10.700000000000001,30.7,
441970509,2026-08-10T03:43:32Z,9.80774,75.92179,10.8,33.7,
441970509,2026-08-10T04:03:32Z,9.85513,75.96015,11.0,45.0,
441970509,2026-08-10T04:23:32Z,9.90252,75.9985,10.700000000000001,45.2,
441970509,2026-08-10T04:43:32Z,9.94991,76.03686,9.9,42.9,
441970509,2026-08-10T05:03:32Z,9.9973,76.07522,10.4,38.1,
441970509,2026-08-10T05:23:32Z,10.04469,76.11358,10.6,36.4,
477182307,2026-06-15T13:28:02Z,9.92181,76.4055,9.1,308.1,SLK-0076
477182307,2026-06-15T13:43:02Z,9.95352,76.37766,8.2,310.3,SLK-0076
477182307,2026-06-15T13:58:02Z,9.97395,76.35002,9.1,315.9,SLK-0076
477182307,2026-06-15T14:13:02Z,9.99896,76.31971,8.1,319.4,SLK-0076
477182307,2026-06-15T14:28:02Z,10.02698,76.29259,8.799999999999999,314.5,SLK-0076
477223943,2026-08-12T09:16:02Z,9.69274,76.05016,12.4,200.3,SLK-0056
477223943,2026-08-12T09:31:02Z,9.64302,76.03618,12.4,199.5,SLK-0056
477223943,2026-08-12T09:46:02Z,9.58745,76.02246,13.6,195.4,SLK-0056
477223943,2026-08-12T10:01:02Z,9.53927,76.00582,12.7,198.6,SLK-0056
477223943,2026-08-12T10:16:02Z,9.48873,75.98669,12.7,196.7,SLK-0056
477226940,2026-08-05T20:21:21Z,10.21844,76.20723,16.7,132.6,
477226940,2026-08-05T20:41:21Z,10.15403,76.27679,16.799999999999997,130.9,
477226940,2026-08-05T21:01:21Z,10.08963,76.34635,16.799999999999997,129.8,
477226940,2026-08-05T21:21:21Z,10.02522,76.41591,17.799999999999997,133.6,
477226940,2026-08-05T21:41:21Z,9.96082,76.48546,17.299999999999997,140.0,
477226940,2026-08-05T22:01:21Z,9.89641,76.55502,16.4,135.4,
477226940,2026-08-05T22:21:21Z,9.83201,76.62458,16.099999999999998,130.1,
477226940,2026-08-05T22:41:21Z,9.7676,76.69414,17.4,138.8,
477226940,2026-08-05T23:01:21Z,9.70319,76.7637,17.2,126.5,
477226940,2026-08-05T23:21:21Z,9.63879,76.83326,16.4,126.8,
477417248,2026-08-15T23:16:57Z,9.3963,75.59498,8.8,33.2,SLK-0049
477417248,2026-08-15T23:31:57Z,9.42852,75.60754,8.3,33.8,SLK-0049
477417248,2026-08-15T23:46:57Z,9.46147,75.63283,9.0,28.5,SLK-0049
477417248,2026-08-16T00:01:57Z,9.48865,75.6537,9.0,31.1,SLK-0049
477417248,2026-08-16T00:16:57Z,9.52794,75.66866,9.8,30.3,SLK-0049
477417248,2026-08-16T00:31:57Z,9.56089,75.69634,9.8,27.9,SLK-0049
477417248,2026-08-16T00:46:57Z,9.59143,75.70947,8.3,30.1,SLK-0049
477574326,2026-08-31T20:03:07Z,9.50439,75.63601,14.9,329.7,
477574326,2026-08-31T20:23:07Z,9.57538,75.59842,14.0,334.7,
477574326,2026-08-31T20:43:07Z,9.64637,75.56084,14.9,332.8,
477574326,2026-08-31T21:03:07Z,9.71736,75.52325,15.4,334.8,
477574326,2026-08-31T21:23:07Z,9.78835,75.48567,14.0,324.8,
477574326,2026-08-31T21:43:07Z,9.85934,75.44808,15.1,329.7,
477574326,2026-08-31T22:03:07Z,9.93033,75.41049,13.9,333.1,
477574326,2026-08-31T22:23:07Z,10.00132,75.37291,15.200000000000001,335.1,
477574326,2026-08-31T22:43:07Z,10.07231,75.33532,13.9,335.4,
477613750,2026-07-20T22:07:33Z,9.60804,76.36847,5.1000000000000005,118.7,SLK-0022
477613750,2026-07-20T22:22:33Z,9.59766,76.38923,5.7,114.1,SLK-0022
477613750,2026-07-20T22:37:33Z,9.58133,76.40938,5.0,118.7,SLK-0022
477613750,2026-07-20T22:52:33Z,9.57734,76.43661,5.4,110.1,SLK-0022
477613750,2026-07-20T23:07:33Z,9.56532,76.45309,4.7,113.8,SLK-0022
477613750,2026-07-20T23:22:33Z,9.56095,76.4754,4.800000000000001,119.6,SLK-0022
477613750,2026-07-20T23:37:33Z,9.54956,76.49174,5.4,111.6,SLK-0022
477617964,2026-08-12T01:36:07Z,10.31302,76.4475,12.299999999999999,252.2,SLK-0016
477617964,2026-08-12T01:51:07Z,10.30163,76.40046,11.1,248.5,SLK-0016
477617964,2026-08-12T02:06:07Z,10.28407,76.35485,11.299999999999999,252.7,SLK-0016
477617964,2026-08-12T02:21:07Z,10.2632,76.31119,12.1,247.5,SLK-0016
477617964,2026-08-12T02:36:07Z,10.24217,76.27207,11.2,250.1,SLK-0016
477617964,2026-08-12T02:51:07Z,10.22517,76.2247,11.2,252.7,SLK-0016
477617964,2026-08-12T03:06:07Z,10.20813,76.17894,12.1,242.2,SLK-0016
477711116,2026-08-10T17:41:25Z,9.87415,76.38268,12.5,216.4,SLK-0018
477711116,2026-08-10T17:56:25Z,9.82919,76.36171,11.200000000000001,208.6,SLK-0018
477711116,2026-08-10T18:11:25Z,9.7856,76.32757,11.9,207.0,SLK-0018
477711116,2026-08-10T18:26:25Z,9.7448,76.30898,11.700000000000001,211.8,SLK-0018
477711116,2026-08-10T18:41:25Z,9.69864,76.27727,11.5,210.3,SLK-0018
477711116,2026-08-10T18:56:25Z,9.66061,76.25614,12.1,213.2,SLK-0018
477711116,2026-08-10T19:11:25Z,9.61808,76.22853,12.200000000000001,213.4,SLK-0018
477799077,2026-08-18T09:03:22Z,9.46843,75.84104,11.1,131.3,SLK-0084
477799077,2026-08-18T09:18:22Z,9.43009,75.87687,10.1,138.7,SLK-0084
477799077,2026-08-18T09:33:22Z,9.40512,75.91283,11.0,128.3,SLK-0084
477799077,2026-08-18T09:48:22Z,9.37844,75.94451,9.8,138.7,SLK-0084
477799077,2026-08-18T10:03:22Z,9.34631,75.97831,9.9,131.7,SLK-0084
477841772,2026-08-08T20:36:03Z,9.43987,76.30974,17.599999999999998,358.7,
477841772,2026-08-08T20:56:03Z,9.54213,76.31353,17.7,0.8,
477841772,2026-08-08T21:16:03Z,9.6444,76.31731,18.099999999999998,354.6,
477841772,2026-08-08T21:36:03Z,9.74666,76.3211,18.7,9.3,
477841772,2026-08-08T21:56:03Z,9.84893,76.32489,19.299999999999997,9.8,
477841772,2026-08-08T22:16:03Z,9.95119,76.32867,17.599999999999998,1.9,
477841772,2026-08-08T22:36:03Z,10.05346,76.33246,18.4,5.0,
477877725,2026-07-13T22:16:39Z,9.39146,75.99606,9.1,325.8,SLK-0108
477877725,2026-07-13T22:31:39Z,9.41993,75.97265,8.799999999999999,327.6,SLK-0108
477877725,2026-07-13T22:46:39Z,9.44774,75.9496,8.1,324.8,SLK-0108
477877725,2026-07-13T23:01:39Z,9.47198,75.92859,8.799999999999999,318.7,SLK-0108
477877725,2026-07-13T23:16:39Z,9.50515,75.90272,8.7,328.9,SLK-0108
477984257,2026-06-17T06:14:21Z,9.14915,76.26987,14.2,328.6,SLK-0059
477984257,2026-06-17T06:29:21Z,9.19965,76.2424,14.0,322.5,SLK-0059
477984257,2026-06-17T06:44:21Z,9.24523,76.21509,13.7,321.4,SLK-0059
477984257,2026-06-17T06:59:21Z,9.29579,76.18184,13.5,326.4,SLK-0059
477984257,2026-06-17T07:14:21Z,9.34293,76.15102,13.5,332.6,SLK-0059
477984257,2026-06-17T07:29:21Z,9.38677,76.12071,13.4,331.0,SLK-0059
563026153,2026-07-24T10:27:00Z,9.49889,76.61457,17.0,334.6,SLK-0115
563026153,2026-07-24T10:42:00Z,9.56816,76.58664,17.2,337.4,SLK-0115
563026153,2026-07-24T10:57:00Z,9.6315,76.55759,18.5,335.8,SLK-0115
563026153,2026-07-24T11:12:00Z,9.69706,76.53066,17.2,339.2,SLK-0115
563026153,2026-07-24T11:27:00Z,9.77334,76.50068,17.0,342.4,SLK-0115
563026153,2026-07-24T11:42:00Z,9.84301,76.47882,18.4,343.4,SLK-0115
563026153,2026-07-24T11:57:00Z,9.90522,76.44402,17.7,340.8,SLK-0115
563026153,2026-07-24T12:12:00Z,9.97262,76.42119,18.099999999999998,340.6,SLK-0115
563026153,2026-07-24T12:27:00Z,10.0459,76.39399,17.599999999999998,336.7,SLK-0115
563128801,2026-07-13T20:59:34Z,9.69249,76.19938,16.7,294.2,SLK-0055
563128801,2026-07-13T21:14:34Z,9.7229,76.13255,15.600000000000001,293.0,SLK-0055
563128801,2026-07-13T21:29:34Z,9.75853,76.07407,16.400000000000002,295.1,SLK-0055
563128801,2026-07-13T21:44:34Z,9.78546,76.01162,16.5,297.5,SLK-0055
563128801,2026-07-13T21:59:34Z,9.81533,75.95372,16.400000000000002,300.0,SLK-0055
563128801,2026-07-13T22:14:34Z,9.85363,75.8938,16.400000000000002,300.8,SLK-0055
563128801,2026-07-13T22:29:34Z,9.88046,75.83477,15.700000000000001,301.8,SLK-0055
563128801,2026-07-13T22:44:34Z,9.91503,75.7656,16.7,297.6,SLK-0055
563215353,2026-08-05T09:53:33Z,9.76767,76.38613,12.799999999999999,255.1,SLK-0092
563215353,2026-08-05T10:08:33Z,9.7553,76.33776,12.9,257.0,SLK-0092
563215353,2026-08-05T10:23:33Z,9.73863,76.28295,11.5,256.7,SLK-0092
563215353,2026-08-05T10:38:33Z,9.72799,76.23796,11.299999999999999,259.7,SLK-0092
563215353,2026-08-05T10:53:33Z,9.72251,76.18366,11.299999999999999,253.0,SLK-0092
563215353,2026-08-05T11:08:33Z,9.70878,76.13209,11.799999999999999,258.3,SLK-0092
563215353,2026-08-05T11:23:33Z,9.69886,76.08557,12.1,256.8,SLK-0092
563277997,2026-07-13T00:41:43Z,9.44452,75.56883,9.799999999999999,108.5,SLK-0020
563277997,2026-07-13T00:56:43Z,9.428,75.60835,10.1,108.5,SLK-0020
563277997,2026-07-13T01:11:43Z,9.41406,75.64545,10.799999999999999,118.1,SLK-0020
563277997,2026-07-13T01:26:43Z,9.39472,75.6892,10.1,114.5,SLK-0020
563277997,2026-07-13T01:41:43Z,9.37931,75.73253,10.1,117.5,SLK-0020
563277997,2026-07-13T01:56:43Z,9.36074,75.76623,10.2,109.6,SLK-0020
563277997,2026-07-13T02:11:43Z,9.33766,75.8035,10.799999999999999,111.9,SLK-0020
563277997,2026-07-13T02:26:43Z,9.32701,75.84695,9.7,110.8,SLK-0020
563376037,2026-08-24T04:27:18Z,9.99606,76.71145,8.9,268.5,SLK-0105
563376037,2026-08-24T04:42:18Z,10.0037,76.66995,8.9,271.2,SLK-0105
563376037,2026-08-24T04:57:18Z,10.00535,76.63566,8.8,266.1,SLK-0105
563376037,2026-08-24T05:12:18Z,9.99943,76.58971,9.5,277.1,SLK-0105
563376037,2026-08-24T05:27:18Z,9.99996,76.55465,9.8,267.7,SLK-0105
563376037,2026-08-24T05:42:18Z,10.00087,76.52099,9.3,273.4,SLK-0105
563452111,2026-07-01T22:13:42Z,9.59056,76.68295,17.5,264.9,SLK-0074
563452111,2026-07-01T22:28:42Z,9.57949,76.61076,18.0,257.5,SLK-0074
563452111,2026-07-01T22:43:42Z,9.56837,76.53283,18.0,260.7,SLK-0074
563452111,2026-07-01T22:58:42Z,9.55209,76.46466,17.599999999999998,263.2,SLK-0074
563452111,2026-07-01T23:13:42Z,9.53948,76.38422,17.2,263.1,SLK-0074
563452111,2026-07-01T23:28:42Z,9.53014,76.31343,18.3,262.2,SLK-0074
563452111,2026-07-01T23:43:42Z,9.51698,76.2436,17.3,262.7,SLK-0074
563452111,2026-07-01T23:58:42Z,9.51099,76.16481,17.0,262.9,SLK-0074
563452111,2026-07-02T00:13:42Z,9.49799,76.09212,17.9,262.4,SLK-0074
563472145,2026-08-26T16:56:45Z,9.55964,76.05278,14.5,44.6,SLK-0075
563472145,2026-08-26T17:11:45Z,9.60544,76.08894,14.399999999999999,37.1,SLK-0075
563472145,2026-08-26T17:26:45Z,9.64663,76.13415,14.0,34.9,SLK-0075
563472145,2026-08-26T17:41:45Z,9.69281,76.16753,14.399999999999999,39.3,SLK-0075
563472145,2026-08-26T17:56:45Z,9.73478,76.20655,14.5,45.1,SLK-0075
563472145,2026-08-26T18:11:45Z,9.7788,76.23883,14.399999999999999,34.8,SLK-0075
563472145,2026-08-26T18:26:45Z,9.83307,76.28472,15.0,38.3,SLK-0075
563472145,2026-08-26T18:41:45Z,9.87373,76.32045,14.399999999999999,33.5,SLK-0075
563472145,2026-08-26T18:56:45Z,9.91821,76.3558,14.7,37.0,SLK-0075
563485646,2026-06-27T08:29:04Z,9.60597,76.09418,9.2,248.0,SLK-0047
563485646,2026-06-27T08:44:04Z,9.58942,76.06301,8.799999999999999,248.9,SLK-0047
563485646,2026-06-27T08:59:04Z,9.56638,76.02003,9.6,247.4,SLK-0047
563485646,2026-06-27T09:14:04Z,9.54746,75.98909,9.0,250.8,SLK-0047
563485646,2026-06-27T09:29:04Z,9.53405,75.95184,9.2,244.1,SLK-0047
563485646,2026-06-27T09:44:04Z,9.51921,75.90864,9.1,249.0,SLK-0047
563485646,2026-06-27T09:59:04Z,9.5033,75.87754,10.2,248.9,SLK-0047
563485646,2026-06-27T10:14:04Z,9.48418,75.83471,9.299999999999999,245.2,SLK-0047
563528506,2026-08-05T22:19:54Z,9.79551,75.76196,11.399999999999999,354.7,
563528506,2026-08-05T22:39:54Z,9.85395,75.75054,11.399999999999999,345.7,
563528506,2026-08-05T22:59:54Z,9.91238,75.73913,10.7,345.3,
563528506,2026-08-05T23:19:54Z,9.97082,75.72771,9.7,351.2,
563528506,2026-08-05T23:39:54Z,10.02925,75.71629,10.5,355.9,
563528506,2026-08-05T23:59:54Z,10.08769,75.70487,11.6,356.4,
563528506,2026-08-06T00:19:54Z,10.14612,75.69346,10.7,355.4,
563539915,2026-08-02T08:12:23Z,9.67701,76.28157,11.4,270.7,
563539915,2026-08-02T08:32:23Z,9.67149,76.21806,11.9,260.5,
563539915,2026-08-02T08:52:23Z,9.66597,76.15456,10.5,258.4,
563539915,2026-08-02T09:12:23Z,9.66045,76.09105,10.5,268.8,
563539915,2026-08-02T09:32:23Z,9.65493,76.02754,12.200000000000001,268.9,
563539915,2026-08-02T09:52:23Z,9.64941,75.96404,10.5,262.8,
563539915,2026-08-02T10:12:23Z,9.64389,75.90053,12.0,272.2,
563539915,2026-08-02T10:32:23Z,9.63837,75.83703,11.5,257.0,
563539915,2026-08-02T10:52:23Z,9.63285,75.77352,10.4,265.5,
563539915,2026-08-02T11:12:23Z,9.62733,75.71001,12.0,272.6,
563539915,2026-08-02T11:32:23Z,9.62181,75.64651,10.9,262.8,
563539915,2026-08-02T11:52:23Z,9.61629,75.583,11.700000000000001,269.7,
563552166,2026-07-02T10:50:42Z,9.49104,76.35932,12.4,293.3,SLK-0052
563552166,2026-07-02T11:05:42Z,9.50835,76.3038,13.2,291.6,SLK-0052
563552166,2026-07-02T11:20:42Z,9.53039,76.24874,12.9,286.3,SLK-0052
563552166,2026-07-02T11:35:42Z,9.54075,76.20105,13.6,293.6,SLK-0052
563552166,2026-07-02T11:50:42Z,9.55862,76.1507,12.5,286.9,SLK-0052
563552166,2026-07-02T12:05:42Z,9.57463,76.09139,12.799999999999999,290.4,SLK-0052
563611724,2026-07-30T21:05:05Z,9.73299,76.48192,12.5,192.7,SLK-0014
563611724,2026-07-30T21:20:05Z,9.68501,76.48047,11.3,190.8,SLK-0014
563611724,2026-07-30T21:35:05Z,9.63645,76.46411,11.1,194.9,SLK-0014
563611724,2026-07-30T21:50:05Z,9.59424,76.45854,11.4,190.5,SLK-0014
563611724,2026-07-30T22:05:05Z,9.53999,76.44785,12.1,190.3,SLK-0014
563611724,2026-07-30T22:20:05Z,9.49035,76.44063,11.4,189.8,SLK-0014
563829922,2026-06-19T18:10:35Z,9.25603,76.35367,4.699999999999999,11.6,SLK-0026
563829922,2026-06-19T18:25:35Z,9.27257,76.3639,4.699999999999999,11.9,SLK-0026
563829922,2026-06-19T18:40:35Z,9.29417,76.3609,5.1,9.1,SLK-0026
563829922,2026-06-19T18:55:35Z,9.31457,76.36879,4.1,9.2,SLK-0026
563829922,2026-06-19T19:10:35Z,9.33356,76.36876,3.9999999999999996,14.6,SLK-0026
563829922,2026-06-19T19:25:35Z,9.35099,76.37868,4.3999999999999995,9.0,SLK-0026
563829922,2026-06-19T19:40:35Z,9.37429,76.3774,3.9999999999999996,7.1,SLK-0026
563829922,2026-06-19T19:55:35Z,9.38679,76.3802,3.9999999999999996,4.8,SLK-0026
563829922,2026-06-19T20:10:35Z,9.4139,76.38779,4.5,15.8,SLK-0026
563837645,2026-08-14T15:16:30Z,9.85787,75.85704,11.299999999999999,40.6,SLK-0065
563837645,2026-08-14T15:31:30Z,9.88913,75.88597,10.399999999999999,40.0,SLK-0065
563837645,2026-08-14T15:46:30Z,9.92289,75.91231,11.2,38.1,SLK-0065
563837645,2026-08-14T16:01:30Z,9.95267,75.95042,10.7,45.1,SLK-0065
563837645,2026-08-14T16:16:30Z,9.98808,75.97495,10.2,39.1,SLK-0065
563837645,2026-08-14T16:31:30Z,10.02267,76.01484,11.5,45.5,SLK-0065
563837645,2026-08-14T16:46:30Z,10.04921,76.04345,11.0,47.5,SLK-0065
563850163,2026-08-05T07:00:20Z,9.96327,75.76789,8.5,9.8,SLK-0035
563850163,2026-08-05T07:15:20Z,9.99714,75.77706,7.1,12.1,SLK-0035
563850163,2026-08-05T07:30:20Z,10.03029,75.7837,7.1,6.5,SLK-0035
563850163,2026-08-05T07:45:20Z,10.0614,75.78903,8.2,8.5,SLK-0035
563850163,2026-08-05T08:00:20Z,10.08732,75.78886,7.5,9.0,SLK-0035
563850163,2026-08-05T08:15:20Z,10.12093,75.79625,7.3,10.1,SLK-0035
563850163,2026-08-05T08:30:20Z,10.15575,75.80512,7.0,8.9,SLK-0035
563850163,2026-08-05T08:45:20Z,10.18311,75.81314,7.5,9.3,SLK-0035
563903404,2026-07-10T10:40:19Z,10.07056,75.75832,11.8,187.8,SLK-0037
563903404,2026-07-10T10:55:19Z,10.01329,75.75383,12.1,189.8,SLK-0037
563903404,2026-07-10T11:10:19Z,9.96396,75.7515,12.4,181.5,SLK-0037
563903404,2026-07-10T11:25:19Z,9.92299,75.74425,11.8,187.7,SLK-0037
563903404,2026-07-10T11:40:19Z,9.86745,75.74625,12.4,180.7,SLK-0037
563903404,2026-07-10T11:55:19Z,9.82122,75.73874,11.8,186.4,SLK-0037
563903404,2026-07-10T12:10:19Z,9.76951,75.73108,11.4,180.4,SLK-0037
563906698,2026-08-29T16:41:39Z,9.00897,75.88177,16.1,4.0,SLK-0061
563906698,2026-08-29T16:56:39Z,9.07459,75.88765,15.200000000000001,0.7,SLK-0061
563906698,2026-08-29T17:11:39Z,9.13845,75.89205,16.7,7.2,SLK-0061
563906698,2026-08-29T17:26:39Z,9.20815,75.89895,16.0,4.1,SLK-0061
563906698,2026-08-29T17:41:39Z,9.27816,75.90021,15.200000000000001,1.3,SLK-0061
563906698,2026-08-29T17:56:39Z,9.34526,75.9132,15.700000000000001,9.4,SLK-0061
563906698,2026-08-29T18:11:39Z,9.4059,75.91463,15.4,9.0,SLK-0061
563906698,2026-08-29T18:26:39Z,9.47506,75.9157,15.8,359.1,SLK-0061
563906698,2026-08-29T18:41:39Z,9.5362,75.92056,16.6,7.5,SLK-0061
636013674,2026-08-07T03:59:55Z,9.98798,76.50683,11.600000000000001,228.4,
636013674,2026-08-07T04:19:55Z,9.95194,76.45455,11.200000000000001,240.1,
636013674,2026-08-07T04:39:55Z,9.9159,76.40228,11.100000000000001,237.1,
636013674,2026-08-07T04:59:55Z,9.87986,76.35,11.200000000000001,227.2,
636013674,2026-08-07T05:19:55Z,9.84382,76.29772,10.5,229.0,
636013674,2026-08-07T05:39:55Z,9.80778,76.24545,11.600000000000001,241.5,
636013674,2026-08-07T05:59:55Z,9.77174,76.19317,10.700000000000001,236.4,
636013674,2026-08-07T06:19:55Z,9.7357,76.14089,12.3,234.7,
636013674,2026-08-07T06:39:55Z,9.69966,76.08862,11.700000000000001,228.5,
636013674,2026-08-07T06:59:55Z,9.66361,76.03634,11.5,233.2,
636013674,2026-08-07T07:19:55Z,9.62757,75.98406,12.3,238.3,
636013674,2026-08-07T07:39:55Z,9.59153,75.93179,10.9,229.0,
636106005,2026-08-14T20:41:06Z,9.65089,75.37853,15.7,38.6,SLK-0120
636106005,2026-08-14T20:56:06Z,9.70067,75.42229,15.899999999999999,40.0,SLK-0120
636106005,2026-08-14T21:11:06Z,9.75518,75.45822,15.299999999999999,30.0,SLK-0120
636106005,2026-08-14T21:26:06Z,9.80825,75.49202,15.899999999999999,28.9,SLK-0120
636106005,2026-08-14T21:41:06Z,9.86094,75.532,16.0,32.1,SLK-0120
636106005,2026-08-14T21:56:06Z,9.91884,75.56816,16.3,33.7,SLK-0120
636127722,2026-06-22T04:26:25Z,9.33571,76.14325,14.7,285.8,SLK-0082
636127722,2026-06-22T04:41:25Z,9.35564,76.08981,13.9,286.7,SLK-0082
636127722,2026-06-22T04:56:25Z,9.38049,76.03239,14.5,292.8,SLK-0082
636127722,2026-06-22T05:11:25Z,9.40571,75.97083,14.0,286.6,SLK-0082
636127722,2026-06-22T05:26:25Z,9.41978,75.91459,14.1,294.6,SLK-0082
636145303,2026-08-10T17:09:14Z,9.57064,76.13574,5.800000000000001,234.4,SLK-0058
636145303,2026-08-10T17:24:14Z,9.55659,76.11842,5.2,234.5,SLK-0058
636145303,2026-08-10T17:39:14Z,9.54647,76.09708,5.0,239.1,SLK-0058
636145303,2026-08-10T17:54:14Z,9.52631,76.08202,5.9,231.6,SLK-0058
636145303,2026-08-10T18:09:14Z,9.5186,76.06848,4.6000000000000005,238.1,SLK-0058
636145303,2026-08-10T18:24:14Z,9.50166,76.04356,5.4,230.8,SLK-0058
636145303,2026-08-10T18:39:14Z,9.48536,76.02449,5.6000000000000005,237.3,SLK-0058
636145303,2026-08-10T18:54:14Z,9.47706,76.00871,5.1000000000000005,228.8,SLK-0058
636145303,2026-08-10T19:09:14Z,9.46379,75.99101,5.5,235.2,SLK-0058
636160875,2026-07-15T06:03:17Z,9.4447,76.49575,13.2,295.7,
636160875,2026-07-15T06:23:17Z,9.48237,76.43319,13.3,306.2,
636160875,2026-07-15T06:43:17Z,9.52003,76.37063,13.4,303.0,
636160875,2026-07-15T07:03:17Z,9.5577,76.30807,12.6,309.2,
636160875,2026-07-15T07:23:17Z,9.59537,76.2455,12.2,309.3,
636160875,2026-07-15T07:43:17Z,9.63303,76.18294,13.4,301.1,
636160875,2026-07-15T08:03:17Z,9.6707,76.12038,13.7,301.3,
636165266,2026-08-24T11:14:10Z,10.31714,76.75759,16.2,224.4,SLK-0097
636165266,2026-08-24T11:29:10Z,10.2707,76.70267,16.0,224.0,SLK-0097
636165266,2026-08-24T11:44:10Z,10.22713,76.65073,17.0,224.8,SLK-0097
636165266,2026-08-24T11:59:10Z,10.17811,76.60358,17.0,221.0,SLK-0097
636165266,2026-08-24T12:14:10Z,10.12729,76.55043,17.3,229.0,SLK-0097
636165266,2026-08-24T12:29:10Z,10.07429,76.50295,16.099999999999998,229.9,SLK-0097
636165266,2026-08-24T12:44:10Z,10.02866,76.45745,16.4,227.7,SLK-0097
636165266,2026-08-24T12:59:10Z,9.97809,76.40107,16.099999999999998,223.1,SLK-0097
636246651,2026-08-10T07:37:32Z,9.369,75.79364,13.1,54.8,SLK-0094
636246651,2026-08-10T07:52:32Z,9.40343,75.84583,13.7,57.0,SLK-0094
636246651,2026-08-10T08:07:32Z,9.43185,75.89024,13.1,53.4,SLK-0094
636246651,2026-08-10T08:22:32Z,9.45818,75.94659,13.9,53.9,SLK-0094
636246651,2026-08-10T08:37:32Z,9.49434,75.99687,13.6,52.0,SLK-0094
636246651,2026-08-10T08:52:32Z,9.52464,76.03676,13.799999999999999,62.2,SLK-0094
636346800,2026-06-03T06:18:15Z,9.74738,75.84036,12.1,85.3,SLK-0048
636346800,2026-06-03T06:33:15Z,9.75732,75.89006,12.0,78.2,SLK-0048
636346800,2026-06-03T06:48:15Z,9.76257,75.9439,12.6,74.6,SLK-0048
636346800,2026-06-03T07:03:15Z,9.77591,75.99952,13.0,81.3,SLK-0048
636346800,2026-06-03T07:18:15Z,9.78041,76.04488,12.8,80.3,SLK-0048
636346800,2026-06-03T07:33:15Z,9.78638,76.09701,12.2,77.9,SLK-0048
636346800,2026-06-03T07:48:15Z,9.79814,76.15597,12.7,76.8,SLK-0048
636348170,2026-06-11T09:26:44Z,10.07324,76.02749,17.2,146.3,SLK-0118
636348170,2026-06-11T09:41:44Z,10.01867,76.07189,17.4,140.0,SLK-0118
636348170,2026-06-11T09:56:44Z,9.95925,76.12322,18.099999999999998,146.1,SLK-0118
636348170,2026-06-11T10:11:44Z,9.90017,76.17137,18.2,138.1,SLK-0118
636348170,2026-06-11T10:26:44Z,9.83651,76.21566,17.2,139.6,SLK-0118
636348170,2026-06-11T10:41:44Z,9.78665,76.26737,18.599999999999998,145.3,SLK-0118
636556093,2026-06-29T22:14:11Z,9.74983,76.06223,8.6,259.2,SLK-0034
636556093,2026-06-29T22:29:11Z,9.74675,76.0316,7.699999999999999,263.1,SLK-0034
636556093,2026-06-29T22:44:11Z,9.74354,75.9975,8.1,255.2,SLK-0034
636556093,2026-06-29T22:59:11Z,9.7355,75.95911,8.5,259.1,SLK-0034
636556093,2026-06-29T23:14:11Z,9.73039,75.92916,8.299999999999999,253.9,SLK-0034
636556093,2026-06-29T23:29:11Z,9.71523,75.89854,8.799999999999999,261.2,SLK-0034
636588916,2026-07-02T11:05:42Z,9.9377,76.18035,17.8,200.6,SLK-0052
636588916,2026-07-02T11:20:42Z,9.87323,76.14567,18.2,198.9,SLK-0052
636588916,2026-07-02T11:35:42Z,9.80227,76.11981,17.8,201.6,SLK-0052
636588916,2026-07-02T11:50:42Z,9.73343,76.09821,17.1,200.3,SLK-0052
636588916,2026-07-02T12:05:42Z,9.66606,76.06393,17.8,198.8,SLK-0052
636613325,2026-07-08T16:49:38Z,9.78974,76.58471,12.3,296.4,SLK-0113
636613325,2026-07-08T17:04:38Z,9.80796,76.5418,12.3,287.7,SLK-0113
636613325,2026-07-08T17:19:38Z,9.81867,76.49093,12.200000000000001,286.0,SLK-0113
636613325,2026-07-08T17:34:38Z,9.84071,76.43752,13.100000000000001,295.9,SLK-0113
636613325,2026-07-08T17:49:38Z,9.85832,76.39652,12.600000000000001,294.3,SLK-0113
636613325,2026-07-08T18:04:38Z,9.87347,76.34699,11.600000000000001,292.2,SLK-0113
636613325,2026-07-08T18:19:38Z,9.89547,76.29132,11.600000000000001,285.5,SLK-0113
636639264,2026-08-14T11:20:50Z,9.31469,75.74853,11.9,50.2,SLK-0071
636639264,2026-08-14T11:35:50Z,9.33859,75.79291,12.4,45.6,SLK-0071
636639264,2026-08-14T11:50:50Z,9.37774,75.82965,11.299999999999999,50.6,SLK-0071
636639264,2026-08-14T12:05:50Z,9.40907,75.85918,11.299999999999999,54.4,SLK-0071
636639264,2026-08-14T12:20:50Z,9.43803,75.90317,12.2,48.9,SLK-0071
636639264,2026-08-14T12:35:50Z,9.46605,75.93746,12.299999999999999,54.6,SLK-0071
636654195,2026-08-22T23:32:43Z,10.20017,75.36916,15.600000000000001,143.8,SLK-0040
636654195,2026-08-22T23:47:43Z,10.14089,75.4092,16.8,147.2,SLK-0040
636654195,2026-08-23T00:02:43Z,10.08439,75.45019,17.1,150.3,SLK-0040
636654195,2026-08-23T00:17:43Z,10.03448,75.49407,16.400000000000002,147.9,SLK-0040
636654195,2026-08-23T00:32:43Z,9.97299,75.5363,15.5,144.8,SLK-0040
636654195,2026-08-23T00:47:43Z,9.92261,75.57414,15.5,142.4,SLK-0040
636654195,2026-08-23T01:02:43Z,9.86861,75.6112,16.7,142.0,SLK-0040
636670241,2026-08-23T00:02:43Z,9.63972,75.787,10.6,321.1,SLK-0040
636670241,2026-08-23T00:17:43Z,9.67421,75.75572,10.700000000000001,318.0,SLK-0040
636670241,2026-08-23T00:32:43Z,9.70558,75.73675,11.1,321.1,SLK-0040
636670241,2026-08-23T00:47:43Z,9.74535,75.70464,10.3,319.2,SLK-0040
636670241,2026-08-23T01:02:43Z,9.78084,75.67589,10.8,317.7,SLK-0040
636928861,2026-07-22T01:23:16Z,9.88389,76.26994,12.5,284.6,SLK-0068
636928861,2026-07-22T01:38:16Z,9.8969,76.22371,12.5,283.2,SLK-0068
636928861,2026-07-22T01:53:16Z,9.90996,76.1804,11.6,288.0,SLK-0068
636928861,2026-07-22T02:08:16Z,9.9252,76.13059,11.2,288.5,SLK-0068
636928861,2026-07-22T02:23:16Z,9.94124,76.07969,12.399999999999999,284.7,SLK-0068
636928861,2026-07-22T02:38:16Z,9.94882,76.03661,12.5,286.4,SLK-0068
636928861,2026-07-22T02:53:16Z,9.96289,75.99148,11.399999999999999,282.9,SLK-0068
636928861,2026-07-22T03:08:16Z,9.9728,75.9423,10.899999999999999,289.1,SLK-0068
636928861,2026-07-22T03:23:16Z,9.99034,75.8887,11.799999999999999,286.0,SLK-0068
636968527,2026-06-06T01:25:04Z,9.92978,75.66139,20.4,184.0,
636968527,2026-06-06T01:45:04Z,9.82203,75.66714,18.7,171.8,
636968527,2026-06-06T02:05:04Z,9.71429,75.67289,19.5,181.7,
636968527,2026-06-06T02:25:04Z,9.60654,75.67864,18.799999999999997,177.1,
636968527,2026-06-06T02:45:04Z,9.4988,75.68439,19.299999999999997,176.5,
636968527,2026-06-06T03:05:04Z,9.39105,75.69014,18.7,172.2,
636968527,2026-06-06T03:25:04Z,9.28331,75.69589,19.2,178.7,
636968527,2026-06-06T03:45:04Z,9.17556,75.70164,19.0,178.2,
636968527,2026-06-06T04:05:04Z,9.06782,75.70739,20.299999999999997,172.2,
636968527,2026-06-06T04:25:04Z,8.96007,75.71313,20.099999999999998,176.7,
636968527,2026-06-06T04:45:04Z,8.85232,75.71888,20.299999999999997,174.7,
